id,hasBorrowed
0x000000000000000000000000000000000000dead,False
0x00000000e84f2bbdfb129ed6e495c7f879f3e634,False
0x0000089f71d95e93a139bf6535ce49a03c2b8383,False
0x00000a600e64c26be24f64169c89f21c1f530000,False
0x001f5af1e4e14a0a1ee15a1da07b4d15ae1b0109,False
0x002183113f3fedc5b494080954e5e8faeb070fd3,True
0x0034daf2e65f6ef82bc6f893dbbfd7c232a0e59c,True
0x005b0743d8b2ed646499dc48b64b95e71b8afa43,False
0x0066118bc60cd8870e7729db3d2bffd1706e20d1,True
0x009eafac629aa2d317daef4942001090c326afc2,False
0x00b037ca2f464b14c3eb42c5c3a8c38ad9b0f9ba,False
0x00ea80f95ed91e061ed413335587642eea5cd00c,False
0x0118040398fa1e66e5b189ee1290821cf88795a7,False
0x0154d25120ed20a516fe43991702e7463c5a6f6e,False
0x018b234a0062a5c0e5a73eb657905c4394af8b6b,False
0x01b2f6622b0815194b805df29b053c13a75f7363,False
0x01ebce016681d076667bdb823ebe1f76830da6fa,True
0x020edc614187f9937a1efeee007656c6356fb13a,False
0x0269ae21dbae267fb041ee16ba8500dd0fde2f2d,False
0x027b2fdf7b0793679acde003a5e22e17a4803fed,False
0x0291eb432cb4a2613a7415018933e3db45bcd769,True
0x029de7a8c9511978c4795beccf60553d36318cfd,False
0x02c52d0ad9be7181dfb12cd2e8f5f7d33e48787a,False
0x02e51d6ce16201a28eaa7de9c8c4bfed25b4b081,True
0x02e609f38229ed64a13ffc6fc04477d477d5f5a6,True
0x035f4a089e99bb14fa010a6ce80e9640e1dd01fc,False
0x038490427c6f2331409caeb546bc40811ed97a63,False
0x03a45e8df40f9bece0762afd55ef98e3490d37e7,False
0x03ba4b9973039d6e7fe93c34535caf4516ebaa3f,False
0x03fe88512c3e2ce7250823d2004b2ebb04cab154,False
0x0419c0a91ba6cf14924053931f7504d0f9ebe674,False
0x043796319db3b8601013477f9473064f22df527c,True
0x044a9c43e95aa9fd28eea25131a62b602d304f1f,True
0x0491449f9e3e788dd004a89079ee21388e842312,False
0x04ada96a5c5a1fdf7e315f14aeb2ce9eb61efb5e,False
0x04c18cbf703c72591f1800b52d801a948f55e00c,False
0x04cd9cc35601bb748cbc98b549545f44068cddeb,False
0x04df798edade87d112a9b89e671f991a0661a24e,False
0x04f648bb839033bba7c6341529bd7dd6fd6d413e,True
0x050b0fe971b95da31e34ea2efc417ad187e76fb8,True
0x055622a2fda7d6f3b813adcc70a32203e2eabc58,True
0x056c957c5875c3badc4a73526806a644a35ce50d,True
0x0574215b0a39119c84ca17f1ec83418eeb5ada8e,True
0x05dac8c154ad9c6047fb6ba197f3ed4e7a5482c7,False
0x05f0741e14bbace4be81ac31f94868fb6fef512c,False
0x06164aeb6c8e868966f709b6ef39d549ddc97380,False
0x0625faad99bcd3d22c91ab317079f6616e81e3c0,False
0x0666e704e2a3c55935e383aad9997b206d555baa,True
0x069e85d4f1010dd961897dc8c095fbb5ff297434,True
0x06a50a676a9170564bb9d8e4bde477f5e97e15c9,False
0x07053abde92b0a1bbde43aaf6b7238ecff151827,False
0x07197a25bf7297c2c41dd09a79160d05b6232bcf,False
0x071cfb6c334e69b97b54175e7ebf03cd6c8601fc,False
0x0730288402e76dca1c6bd0389b5c86e13537add3,False
0x077031fd82feaba89ae214599c59fe265e6570c2,False
0x079d45252d8529a2c610b0483822ee853de1a80f,False
0x07a1f6fc89223c5ebd4e4ddae89ac97629856a0f,True
0x07cbd4e4473140b6078aa987907aaff5e500b9f1,False
0x0800dcc9c27bd4310c241c175ab24ca839829b11,False
0x08036fb7fed70354153f0ebc9fc47977a8bbe0c1,False
0x081594d3e311f0b1fbf5cad39f79d6c9c990cdf5,False
0x082e9c0bd157d085851dcb439df845ea652cb823,False
0x083a1457d8fc367c664b59886d651910fb9e9a70,False
0x083df0282ab7680098af6059f0422ef87900d22d,True
0x085193e653d5680de172a81a5cb9a96ba8bda0db,False
0x085682716f61a72bf8c573fbaf88cca68c60e99b,True
0x088fcf4a4645a9d4bd169368fc0117f9e146e1cc,False
0x08af2ef6cce43c86f38e521f1dcb74b67733b786,False
0x08bd64bfc832f1c2b3e07e634934453ba7fa2db2,False
0x08cdc58ec84f466903f5945fdcea6998badc7d3b,False
0x08d49c032f268d3ac4265d1909c28dfaab440040,True
0x08f7506e0381f387e901c9d0552cf4052a0740a4,True
0x090869e2f2764f300607861171de5a074b0bc9d6,False
0x09102d1cab2a3da5a6fcbfd461271fdc3d3658c3,False
0x093e4ab2665d17e66eff0e79460cb53659195275,False
0x0944aa037975596d2f849cc5b5e10cf455232ee5,False
0x0961f86626e297450073048a2c2ad9657fe56fbe,False
0x098b4061719eb9c39c1db36d9f19138b1d1c7477,False
0x098d9a770f3bd88bef60e72c833ab8db240d5928,False
0x09abffb1f23c6292eb3f119fa3579d42517c0099,False
0x09df7acd70041608aa7f9bba941bd64c0a512693,False
0x09f5d6e82b21d6d4562d621657128f516e10dd82,False
0x09fa38eba245bb68354b8950fa2fe71f02863393,True
0x09fc1031d03a78ed4f60463fa9749870d33439bc,False
0x0a0b06322825cb979678c722ba9932e0e4b5fd90,True
0x0a251df99a88a20a93876205fb7f5faf2e85a481,False
0x0a335cd3e28d59c9937200d5d2199119d2f6abef,False
0x0a3c4ee3d3233fa317f57f81965e0c71cbce9460,False
0x0a54cf15a8719db69b5cc40d797a213ca9407b8e,False
0x0a6d97444602b96f7e231e9dd5ecec9251a9cafe,True
0x0a75728f3a2697045e8c62c7c4be4597c2e7c254,True
0x0a8a06071c878df9ec2b5f9663a4b08b0f8c08f4,True
0x0a8c854345d126c1fd90720f8d60630ec0e273a2,False
0x0b1fdb90501286ebe6087b6660c3a48db9898fad,True
0x0b266c7b90a3f98160d71e75088a082bacc65be9,True
0x0b4f2e0199548d9f2b94578ffe06d48165174fbd,False
0x0b581fff2c2d56677df189540a1a7e1a9fe42987,False
0x0b63e7f72badf5b75eaa181a7fbd7a3255a1d4d6,False
0x0bd9cd9417fdd3c420f1a336a378636c2cf3af0f,False
0x0bdc32d1e9904ac879dc76c78381df01f7d678d2,False
0x0be8995d4950cd5f8c077b85d6c7b542c563f726,False
0x0bec56de373da44018b2b9f68842b7371cc3b8db,False
0x0c1f01df7f044bde6127b0bc3918740f81f3e5f4,True
0x0c2737c678132f5eb73f7813bbb667e7e9c76677,True
0x0c31b6605686aa26df47eb45af0e4aa6639a5fd6,False
0x0c7a8559b6d7634267d0764107497a58708ec412,True
0x0cabab448ff897edef2013c6f7da320e83e9f2c3,True
0x0cae8432bddc49cf2ca7f920acd6f26821741a1c,False
0x0cb061118848fa2ca92047c9b83d193e70b2fa10,False
0x0cb556aebe39b3c9ef5cbe8b668e925db10a2d7d,True
0x0cd8fd90bacc7a676fcc7c0d7573b970f8784b50,False
0x0cec743b8ce4ef8802cac0e5df18a180ed8402a7,True
0x0cf07bf401abffcc5d9f9409547b2dfe72972628,False
0x0cfe1772675e6b7111014ea50eb3125faffe93e1,False
0x0d02770595c54c106ef9caa24e3cdedcd26c065b,False
0x0d2288a05d5403237e1a007e00945347c79b98a3,False
0x0d4631ecf9a04875f55f78d423f6553d84cc1bcb,True
0x0d72686392053c2869ef8650e8a8b808e42fe6e3,False
0x0d7541cd8aae6e7d286999585a37015d834f2bc4,False
0x0d8c8328b9ffbfca6e072a9e793eee99df1f5b16,False
0x0dd16c537cdb346826203f3ab762030e7f20c78a,False
0x0de654d45fc7c302314413a309dbc346c6d42a7f,True
0x0e0963f34560bc337513319c4a7bf65f4c083907,True
0x0e1ecb720ab2ed8e531a137ddf8c2eb5380e9ffb,False
0x0e37845853c479e651723bf7bf19c362d3c069b2,False
0x0e910a91f98ca9b5848b16d5c294645a2c4ba643,False
0x0ea4a285e1353f490ec7f473ab3174cac71cf79a,True
0x0eec9ea3c6ea2dc2db00d0dc9130f48192b905ae,True
0x0f0eae91990140c560d4156db4f00c854dc8f09e,False
0x0f20ca7c7d44c1b897f2f98c58b44b8a50a501aa,True
0x0f946dae94c650fb153b6ae16c18f74dd772edc8,False
0x0fa6850b53c1ac282457c19c5f8301ea3f45a7e1,False
0x0fe8583c45d181fda20d49b05361cd41236485a9,True
0x1035191dc2d0a5afcb04e79cc94d46f959bd5279,False
0x106166ff77e5bccf1c6d7b4d11ca31d00b1f15df,False
0x108a8b7200d044bbbe95bef6f671baec5473e05f,False
0x10a5cc530f7b308652e8c9f838cad4f6a7fa25c8,False
0x10f4efa2061150fac3d2d012e791c72ab9c4ae48,False
0x112524fe2b14d0ccb327deb8e0c5c848a7b53a2a,True
0x1125eb98298663a5beb13bc7f2ada2683473f5b3,False
0x115f95c00e8cf2f5c57250caa555a6b4e50b446b,False
0x1194628c30e6384d21a12582a186bc9d46484a7a,False
0x119b6dfd54530d61b356608589cf97d13f2bb3db,False
0x11f5e2220b891efecb2a804164345d16fd2cf7a0,False
0x12215c4663e81e9c72c417c5ba714e9a9d5e8160,False
0x125858bb6b3ac865e28ad3181c622a2eb3314c8f,False
0x1279854ecf36c39b671296708ed567ad1e7187f6,True
0x12b3ffb9a4756bc25e76dab670ff47a23c72100c,False
0x12d3d411d010891a88bff2401bd73fa41fb1316e,False
0x12e874169a42b20e15d4be9d799e6c01e79b48d6,False
0x12f14b3114c73305700498d2cbbf2cbb8d5491c9,False
0x132f51b904ded620b72c2d963a7b168841ee65b4,False
0x1333be3f438607fed776b23baec4a506f218a1ad,False
0x13931234399c60712bf54f375ea9540aefb18df0,False
0x1398c7c0399e911f221b6d907299be5669fa11ae,True
0x139e58dfb7a87a4f535a4e1fae1c4a64325349bb,True
0x13a783a774a4849e41e495cef4cff201fde1f740,False
0x13b1f666b1e9861190b88dd1656547491749308e,True
0x13cfa890c644d7fd2b2e2dacd02daf78899dfdd6,False
0x13d2f45ba037e1cc85765c6a89dd32d27911c517,False
0x13d4dfb05790d77df5312e648abc1d579925e20b,False
0x13fec67da1cc769fe7293ceeb7a5a483424d0d17,False
0x14227bf97528a72b3a4c7d603eadd4df75d888da,False
0x14362b6b9a95f22fdb13ff0d78066f684b80a9bc,False
0x143f59c155e2d932957c3f942611dba4216b070b,False
0x1447b49b636cb1fa24281efcd66aaac44188e3bc,True
0x14866ccdffbc8c349a5923b85b25672752386d8d,False
0x14ae02f8b3857666ddecbce8e78809e4ab44d7e2,False
0x154001a2f9f816389b2f6d9e07563ce0359d813d,True
0x155787591178110e212f7596985166d93ee68716,False
0x15a71cedb3c7b9292b6f09f1bbfd397bff09a26c,False
0x15ba9d3d2bc06863252b04abd942d4f440177d01,False
0x15ed833007b34c2ce1dacc52602a9d8d2337f60e,False
0x15f5e5a4720a27525d527fcf5e30f039335af26a,False
0x16388463d60ffe0661cf7f1f31a7d658ac790ff7,True
0x164054859641a56bf767713f983777ab1278cac4,False
0x167539702b5501aadd9b0b85e53532fd57cc71a9,True
0x169924dec59f6dd3aaf1757a773689aa93cd5faa,False
0x16f75aa4bcab8a8fda2bcab023ca1ae581453ac5,True
0x1702f2d0df7c99011a690461c34e51bd81cbab48,True
0x1718d769350dcec8966702d9c45741ec56c2fbea,True
0x171c53d55b1bcb725f660677d9e8bad7fd084282,True
0x1756cf398e8db96d071b785080c9d07d8d78a2eb,False
0x178fb34ee5bc91b981b1c5ade8249900139ca877,False
0x1791d5ebbdfd565f136e60a3c43269b148f92b44,True
0x17b88517f02d43d60692e6cc6414ab5f2905d8f0,False
0x17dd22015d68453c853ff649831af9dfed422e06,False
0x1805687b8dcb7ac97cfec6d3f63016f0d34f0e55,False
0x1853d19cc1305cef5f317f17156289fdf758bb0e,False
0x187d6e8741af35c45198ebec83905eb23e742b15,False
0x187eebad066c161615cbd3c04aa0e079139391d4,True
0x1897ecfc9df8ca7f360d271c84e3d8567460202d,False
0x18a6931b2b998333ac350da0b851ad76e59c436f,False
0x18b3eedadc9a4a6d35905d4a416dfff239f067d5,True
0x18d9efb0e5d4fb27f3c35c55801877b2143d44cf,True
0x18f6e8787e852fc3636c174737fb3adaa2384ba0,False
0x19124ee4114b0444535ee57b30118cbd1ca11eda,True
0x197939c1ca20c2b506d6811d8b6cdb3394471074,False
0x1988f1289adacf5410c991c688fbb05ad28e8d30,False
0x19a831aacb6f2652c1577ea36f16bcd6b2243c9f,False
0x19c04ca80c4168ea8ab469a0766a858d7172b320,True
0x19c8b934b549276822bba4726ba7c4ffe69b3083,False
0x19e284ff4701c93f0cc20b4b42d99d977b76f612,True
0x1a25061804295ef2568f8c69a3a2e2b0907fd811,False
0x1a31c94f97c649bc2a8adbceb54d1f4a075be4b1,True
0x1a50a6238eb67285ccd4df17f75cce430baae2a4,False
0x1a55668a138c4212c116d62fe6e78a51602b9716,False
0x1a576cff160af44dc87ad56824228d221a224070,False
0x1a87fe212028dd92fe97bba8e2bafda2f146bea7,False
0x1a8d87fc8a513d353038de7083bd1243d5379712,True
0x1a918a8386f75f382e2a1b2e10b807c39728caf2,False
0x1ac28d13abc818a75b8cf35bb25d31f7d31f26d3,True
0x1ae6912e08bb3e105a4f0a60f666376d3c7af380,True
0x1ba3f6aabebcb3652f499f2a56b0170657a7b954,False
0x1bdc1e82a8fbadb10f9bc4aa60797c4800776e17,False
0x1be537ff2cc291caf8331efcd3466fe7d1c80d4b,True
0x1be8218be61797e26066bd91968ffd8b745bf851,True
0x1bf531eb5a835a05d1a60405159219230a0b4491,True
0x1c230f1b9deb1ce6c68fda7152d6a725ae08b8e2,False
0x1c6b7e5fa4f23515a1f6fc2b0e91e6b017daa9fe,False
0x1cb8b056c4d40868152bf3b6124064244733fda4,False
0x1cb9d8f67075846a68c820d3b95a80c025aac3cd,True
0x1cc00cc60f0b031bb8d460358e27ab2857a07c0d,False
0x1cc481ce2bd2ec7bf67d1be64d4878b16078f309,False
0x1ccffbc2ccab68d629f70ffed71e392793dedca5,True
0x1ce99932fd278e00911814dc4bd403e1293d8ed2,True
0x1d6561487765c0123c05429cae3b30ea5c8c8076,False
0x1d6903f9ffd4ef7488ab1b45df69caa51693436d,False
0x1d8452196ceef0fb309aa01af728370a3966a4b1,True
0x1d883459bbc71042a9072f106427c4993de44794,False
0x1d9e4ae7a2c5ec64139619af0e891be88fe8faa2,False
0x1dd0144f4520e82df504c1ede96a218ee5ab5dbd,False
0x1e18b8b6f27568023e0b577cbee1889391b2f444,False
0x1e1a51e25f2816335ca436d65e9af7694be232ad,True
0x1e321be460b5b056e861f682323fdf1511d275c7,False
0x1e5ce6f088fd0adb4fcff31cfb02a61503311be9,False
0x1e74145db6dbf6b8f4cb46f57e29cf25e2d63038,False
0x1ef5392ca6fd403548eae12f2dbc4393aba144c9,True
0x1efb9f8b00b4a5dbf0f779aa032febd4b8f38a94,True
0x1f07a7936aef11da67e3b4ea6ac69342cb36be33,False
0x1f47cc1fbfeb00f9e464d9e7c4e66af3c9839a2c,False
0x1f507de743046a97b22d78050b2e5d77fbf1bef3,False
0x1f824a1aa30d791cb6029620ee4f67cdb6398889,True
0x1f92d85e19d5700a3c6682ae5c441a4ca8456453,False
0x1fb5cd12d34cbadcdc7869953b89110f6860c200,False
0x1fe7d323946a7c3b644528baa42eff13056cd2b4,True
0x1ffd5b0338b662b1d1839c1f08511aa0cecf1455,False
0x2004382af56c7d4a8753b81d3197d91c168561af,False
0x202ac0a1c625ff468e8b4a54cab94b8ba11c0c21,True
0x2053b0a5ebcff8d642947ea8bf7d7e1fd62ebba6,False
0x2055a98e0100d0b487ce5a901296d59ce2f84cf2,True
0x205b993bb19930c80fb10ddf4f4c423e49c4caac,True
0x207ef0aa56560098fb981d8eeb971a60cb7e49ef,False
0x20bf4108c012b2121f661dc48680e3eb0958f3ab,False
0x21a790b9b3625eb0feddde50ae445ea7abb85646,False
0x221dd4c5f91c9f9becc3f4b0445377a6af1b15a8,False
0x2222222229b89c7844f19ef503c4dc503be47f84,False
0x2223ec329437c4edc1b0f9f5679428c25a5cd4c1,False
0x22510fe99f63ae03ba792c21a29ec10fd87cae08,True
0x2254e4bdd81170b247457b63ed0c0af87ecc0129,False
0x2298fad10b208f46aa75deb679e12f3c35eb3c53,False
0x22a2f07aaee398fc8854bb7b64f7b85d47167b82,False
0x22bf900bdfd4cdf0af25e142bf0d12f383c6ba75,False
0x22f1b242594dc6246099af52de25bc3254f196f8,False
0x230cefa37119109cc20351ef6a0a92291a07da32,True
0x23554ea86b2a86111f8a2d3a65c0b1d39ec0c9b8,True
0x237e0509830b16c5c317d26a8f1aa23ace6eb161,False
0x238643d4106c7c6206f8dc31acb59cd24c979d12,False
0x2394dde6ff6da922881522697c185c310c623931,False
0x239e435cf2c0c628bcb66d7c7288101d007f8626,False
0x23ae07851bd347cc1b4550253940a2774d1e76cc,True
0x23d31e53704cebd7d0fc37eaec49837be8772c01,False
0x23d4e89d807ac63efe0e013c5f39f2a93028e4e5,False
0x23f6ce52eef00f76b7770bd88d39f2156662f6c6,False
0x241cafc5f747616a5c59a2e489d0626ea1fd436b,False
0x2457e26c89ac2e18ff3b1703b42067aeb0783ca8,False
0x246992b9f5dce6a69630c652e66d0823babd9be8,False
0x24749aedf18208ab74a8110e07e820286bb5acf8,False
0x2489ac126934d4d6a94df08743da7b7691e9798e,False
0x248ba93b490031d5c24e502fe411b65882d45de6,False
0x24a000804704b9557466382a806b6baa31cf574c,False
0x24a30823bd87e785b0c4b3803a2bffd91eb6876f,True
0x24bdb92387f09e32c3099ce4383b2ec893247083,False
0x24de8d8325d28a39cc80e44a6659239edb796989,False
0x24dee95164668c65c0d3cb55e7bfeaf98eb234f3,False
0x2505cb5484fec7408075f79f0b1fa38ed2c5bf45,False
0x251acec7536e28cc43268f92f1d554e64f421420,True
0x253c5cbdd08838dad5493d511e17aa1ac5eab51b,True
0x2562a449a01333cc661e7d6da287b49c3dc3f1a0,False
0x25ba562c31aaca514319f615ed56fa587a9c7ea4,False
0x25bc7cac7761cc704a1120a618b44d2e76dd07df,False
0x25c509cd46c099feb29a7d6eb872171087aeb258,False
0x25c9a9efc82305552d0922d64d8b31dd625ae321,False
0x2618026d22c4f6320fcbac34c45cc4a1f0a92f6b,False
0x262000e1ccc8ab7456d7fddeec3f6c280f157008,True
0x2658d1ce0939f84ef71878a2f1c4f2ad24391cf3,False
0x2695949fb6d1cae97d2d02b8064a41b055a1e842,True
0x26b11a2497381ef5e28bcfcf881185791ba11a5d,True
0x26df560cc502d074ddd716698ef0fdb5b1203553,False
0x26fad00b5e8bbd2cf4b39196de32af8c35e1f74a,False
0x271e2f118585f2b20eff198e09c0746378dc12ae,True
0x2740ddb3509532f23044a127a1d0995fb9f8fd58,True
0x274268af53d2ebde631206fbd2412d9b372e1274,False
0x274d9e726844ab52e351e8f1272e7fc3f58b7e5f,True
0x27c79a01878962ce0b6126af6e184c06d36c8f37,True
0x27f7074a6d4c0cd388b296210f072e6b03fc8cc1,True
0x280bf69d522bbcfb3aeb138c59d85a16e449057c,True
0x281302c016d9fa9bbed1980eeb82f3e5fdd1b3c1,False
0x282fb599d7e3d9b5e906e88448a30c60b497129f,True
0x285b7eea81a5b66b62e7276a24c1e0f83f7409c1,False
0x2879ca63bf06da7a73775947a608aa0b322f2fa3,False
0x28d443b0f66359f58bf6bed92f35d4c92d2406e4,False
0x28ead95628610b4ee91408cfe1c225c71ab6e7a8,True
0x28f1ecd0e9303dd864dda1f8f60959e5b1a9089e,False
0x28f57b197e66148a72b791cf6175feefb590b392,True
0x2951b1f7058bd2c05f01954002c450bac0873847,True
0x29acb268c8b791ee62fe232a1478d1348fb59e59,False
0x29e990000000f72253e0f4a4df9c8319c018a2b3,False
0x29f4fe585bf63254a3694ce916a6aa8e62370ff3,False
0x2a1049062c6cfd69bd38fbaf3b0559df1dbbc92c,True
0x2a149dc9a2d3517029209572c60f1c1c434656a2,True
0x2a15794575e754244f9c0a15f504607c201f8afd,False
0x2a27e9110188f8e9912fb5ccd4ad96d04cbc02ca,True
0x2a5fbe42ee00ad931e63d55b068ff79de0cb10dc,True
0x2a897bc75b266d7efcf651f33f12c917811f5d19,True
0x2ab37da314572d8c1bd5b1e74b133d6ab1491010,True
0x2abba23bdc48245f5f68661e390da243755b569f,False
0x2ac81481630b795ad7c176f2b36f400dfe9a561e,False
0x2af33e93f68b8497bb535c492f5867c7e83f2bc4,True
0x2afe083b8a7d5df07650ada718c5bd37223139d2,True
0x2b19fde5d7377b48be50a5d0a78398a496e8b15c,False
0x2b3ae0ce46154dfb3c77973c2727d157cc7ee1fb,True
0x2b3f6d08e6eae2f1fa9512ac512ddf7d3bc6414b,False
0x2b67a3c0b90f6ae4394210692f69968d02970126,False
0x2b6c617678c7d1cd8efdd5dfbefc03506b270714,False
0x2b742a6ccf5e7d107fe437311d89c537ed68fb6b,True
0x2b800345c227f8c9b9e3a2eb86556b5e034493a5,False
0x2b8ee7422d09425f43083896ca442a6b872213cc,False
0x2b96dd01b654db4a99be9d36e0083e0cac53109c,False
0x2bafb2c696a78ed3c7084c6af715769455ce48fb,True
0x2bc0c16cab60db78a580b7ef2c840929e2995c83,False
0x2c3c7dfab66a8f5cb024ac8431cd0261f5c057b7,True
0x2c895a91dd9ab2cdf7e08b609312e2450ae3fba3,False
0x2c933eb4e997f0e450f7e9767e970cc1fe475ab1,False
0x2caf97331ffa906b8080165996fe57c6d5eac986,False
0x2d0f3b2abe9d61a21812023bb28cd2da7c3f30b9,False
0x2d407ddb06311396fe14d4b49da5f0471447d45c,True
0x2d70ff2a708394971989ed3237631e28c13009c0,False
0x2dc7d4a2884464c9fd5db2cec8ac75fd3ecf269c,False
0x2dded6da1bf5dbdf597c45fcfaa3194e53ecfeaf,False
0x2de5ea22dcac2827db30e024dbb2bf4054ef6986,False
0x2e15d7aa0650de1009710fdd45c3468d75ae1392,True
0x2e9b1763686a1657814991e9395b9d298e9ec321,False
0x2ead6dd0706c2d95c63ca26b39222a54f058d285,True
0x2ecdc1191514b7e1ed44587822dffaf7c670d6ae,False
0x2f082a8f4a41fb81ac3cfb39cf41ca47378d692e,True
0x2f2db75c5276481e2b018ac03e968af7763ed118,False
0x2f2fce05bd2480c80f299b5be4c5db3d7e79959f,False
0x2f336321b781534d9e148b21288ac36afca8e08b,False
0x2f34ee226e149a1fe2d03e883df9544d84c1c47c,True
0x2f45724d7e384b38d5c97206e78470544304887f,True
0x2f7b7b0ea9b9cec865b38600551e6eb51014dfa3,True
0x2f9035f14d9134bed45e2642ae148f673f5ecb7e,False
0x2f92dd1c3c25dd02eba81b9ac1d3c46400f2230f,False
0x2fa2cf37b1a330389b1cf8b985f71ff76a980ac4,True
0x2fa7c03587f0df2f6be135ed9dea8e4e7d0d35ca,False
0x2fad52a4be1209dbae05688671da9c6a18aa4f73,False
0x2fdfabfc1510a2fbe615b8f001d16d680007b4ee,False
0x2fe06c2db472d2c17f235138aeaee78b90c37d2a,False
0x2fe14bb30afae676309de9787ecb8d82fc7cd767,False
0x2ff3f1b9fd0ffa711e5121ff12ffec3443240338,False
0x2ffa75fbeda62dafd9356ffff4115b9ebc265a49,False
0x302218182415dc9800179f50a8b16ff98b8d04c3,False
0x30277af777a299160702dac6dea6c382e12c7a26,False
0x3027f407d501b9ba1b480b79dd16edc846658437,True
0x304fda5dfe8e62d65f1eb0b3c33cf7e13dfb9551,False
0x307bb97d85e7a157a08d375950e6dd2c2ec58744,False
0x30a422c8942301f2d60f5690c44dc39d2c272024,False
0x30bacd12a889c9be7e5da52aa089744c62aff878,True
0x30ce6f10a617fb8c66b93817adce1379853a7b13,False
0x30e5d116097a0cec782ff468b751958067c5b3d7,True
0x30faf125f5827373b60706ff7a2b4e98f4035e11,False
0x31045b5e690f4d764775a2815e367a3b8e4d9d2a,False
0x315fa6ae360d51633aee85e829cffdf7498b51e8,False
0x31e0178f3ce6848be51b043f55cfe23acfb92d7e,False
0x31fe8439f34ed04514288a6f0f19f26c647cd6ad,True
0x3238b53a910b69f5dbdb31786613ce944536ba19,False
0x3250a2576611f3bfbdead0005b9e3a2a1f6faf50,False
0x32cf5022bdad86585fdfc3c804085bfdc21650ee,False
0x32d338aa13c5ea751f701d7864dbddf862a97a8d,True
0x32e2e9e1ea38b4ca9b4a38c9a44ea4a18fc9d676,True
0x33088ef7e511566309f52df022a3c6185b251246,False
0x330d96d8a4e54eb2806b82490255721aee8ea1a7,True
0x33c64ac9d5f0199cd2be91bf269adccb6a18cf0d,True
0x33d8b1be7a8ad865085cfbc8c34e81fbfb134ede,False
0x344d1f9fc370eb2b20b22e47d89f1af1c9eae5c3,False
0x348e73128b34390a07519b4b01a1bc2b60d26136,False
0x34cadf09dbf50a39d1a68b87d7763db3961ef483,True
0x34cd8a21e92b0abd558ff02d6cc7a9e12daf0ff1,True
0x35068a35de322f00a3a583c5aa999e0933f9492b,True
0x35119741d2d3c40fcd456a93860f68c1754a4f56,True
0x35186e0265376718c741f878b6dee54d28ead948,False
0x352143b6251eac5871fec1807b41095541434ab4,True
0x3523481702186c04740e50396d0e1c807ce36c57,True
0x354454b7efb05d619790b65e5493cdef2233233f,False
0x354d6f97482c3e533bbdd3adf65570b3d172c9ad,True
0x357c93b8ee82aa5831556282adce358ecea4e295,True
0x359377f743813eb9e0d628840996798fb65d5b8e,False
0x35a74cf36c28e10100b68a3d75c03c3d18a3400a,True
0x35a807f9dd68c7b03a992477f85cf5a08ee9a69e,True
0x35b578ca822ebdac517ed9adf1caad2b472863d6,False
0x35cae85e56f103ea8b0482118dafdbfbaa82a94d,True
0x35f17621387c2ed8c3e90064c2175a682bdb32bb,False
0x3605c22d429ba9e09120278a561489f0dda03a8b,False
0x3609462f90d6291735dccff4141b3e315e1cdb28,False
0x3634096314f92338e199af82345c18054c04b14f,False
0x3668b5b07eb210452e8fbe6c9691cdc38fc54640,False
0x3670646d3fa94798e82d26ced67c9d2cd02c2064,False
0x36b96e0a73e348552bba968bc64ef53063e30f8d,False
0x36bc1e767ff57bd9e3e46f5cb996a5a1cf10a439,False
0x36cc7b13029b5dee4034745fb4f24034f3f2ffc6,False
0x36db5b66dffbfe58818defc963f893b75c37110d,False
0x36de990133d36d7e3df9a820aa3ede5a2320de71,True
0x3719f293dd1e5dd8efca899c98980101e659024e,False
0x372d3a8b2ba0f5255112894770aa07852841018c,True
0x3733e403164a3dc9234afc393610b96530db37d0,True
0x378c5c837a9f7369ed0df18aa303203e3120f66a,False
0x37b301f7c96db8b45e3266cfe86b5598ce0f2f78,False
0x37be92f21943dc91629d884f8c41c8203024633a,True
0x37cab7add0393689fa50e979cc9bd8db7a9905aa,True
0x37d11fad5fc57562eb12b7c575958c9a2bcf843c,False
0x37da78d849a32aba04dcfca0217c35ac06cb4bcc,True
0x37f53d6fc07f982dd7c3f976bc2f524d6d1b2756,False
0x383139e5e495da4abf534f124f7ddd1386669c02,False
0x383f42b5de515c564641f65f5da3bd8b4a35b4b4,True
0x384e4f18580910b83fb7632f0938344a2c7964c8,False
0x388d397b6ba2cb3aa20e39d59b779a3ac35c8358,True
0x38abab9766e0b27d2912718a884292b8e7eb2803,True
0x38f9abd4bd8947da035abf51fc21244108a81ca6,True
0x3971ed592ec8a95e30469836f880d2f99dbd4d6b,False
0x39845fac781b515bee33e4c5638f37e8369a7cd3,False
0x3989eb349d3498b52718de1ef4715774bb54a3ac,False
0x39a432037e27878fe04a3ec84ec689e3a0d17855,False
0x39aa985340921de201ecd73c8172b400427df7b7,False
0x39d6946f14440271d1e8c9d9fe02532df56df575,True
0x39de56518e136d472ef9645e7d6e1f7c6c8ed37b,True
0x39eea0258a5c3e3c5092b2f910371d124592a7fb,True
0x3a518964ff40ee733d30749a213d2e5c9ffb2b8c,False
0x3a7e85b1c4081ab193e1f59eec22c56a4eb1edcf,False
0x3a9c7db0cb65e9318aa082d5ea83e327ab9fcd76,True
0x3ad4cee90d0eb10769af8f3d8a58f9df39af45db,True
0x3ae77e04b360092c41b751c3cc63f146757061d7,False
0x3af015f6e3ac79d217198f00ef36af099d223e29,True
0x3b11b48de7cf69b7c1f0465862a4f3dc725ed1ce,False
0x3b15cec2d922ab0ef74688bcc1056461049f89cb,False
0x3b49e3c695f49bbf988dac8273a6d5904821b28c,True
0x3b6af276524f796f37d6e9510fef7770ce4ec57e,True
0x3b8c618bfdded6544b27ef67cb71043b30655514,False
0x3b8de43c8f30d3c387840681fed67783f93f1f94,False
0x3c02dc67a944c638903cef2510902efd7cc10711,False
0x3c315dad747c210a522f118788e8d7c800116680,False
0x3c37c0738c273756d508ebef1010a77f9a1bd181,True
0x3c58c35329385ca9e72fabfd06f3db5a1186705b,False
0x3c7d43de93eb6598172f20feb8ecfe8dec70fe41,False
0x3c8cbd613857965267bcd4bdec7b794dd53969a0,False
0x3ca31c9cfef27fd3d5ae59caadcc33b9aaf09c22,False
0x3cd4515e531b891407953cc73894ea64f32e9555,False
0x3cd4d67777aeeaa18ae967d0c4adb88ae7a74326,False
0x3ce2d40a58e72212870011ff45e95487c20c8647,False
0x3d0086d7db9b7e7b599b6161876ec1e10fe6647c,False
0x3d08713164d502d86bac255a91051d8811fe9cf7,True
0x3d59c2e7023874a4992b25ba63ac087ea0bb821a,False
0x3d6e381035ab5995e06a5b1661ee58e92be755a9,False
0x3d7c5489e75ba249fd8facfc8c9b8285078a7312,False
0x3d80148d02c1dbdc7198af314202516b909a4eef,False
0x3d842130b194169cbb40b4a2d5544c35f9399d3d,True
0x3d93455013be32bcd7ad99e6f4ac7f2b134a292d,False
0x3d99d05951ea06181864af64a53f78a5ee3f1796,False
0x3db5d3fc60df4e42144f3fc6fbc73abcde2f65de,True
0x3dc27165f9329afe2d0eb89dd8ed70fcb7473472,True
0x3e03e274eb8c770d95b849230cb8087e192ee311,False
0x3e13fd392d3feb075b58f309d84c20698a54c10b,True
0x3e1659b2334ba21f070305a92bfebed3eec78242,False
0x3e5c9ced70887166612ced5b537fb294dcecb357,True
0x3e62ebd7c59c60d104dff76585c92bb88664031f,False
0x3e8abe31a643bf173d73a43a3145e694118e3aed,False
0x3ec968c4d0154328d99b491953c8b2193401a06a,False
0x3ee505ba316879d246a8fd2b3d7ee63b51b44fab,True
0x3ef60ae2ace351dc6058b5b21fb566089d118137,False
0x3eff38c0e1e5dd6bd58d3fa79caecc4da46c8866,True
0x3f191d416eddaac38960ebd32db905dc5de275b2,True
0x3f28f64064eb5c901064f969310f1e8324283f26,False
0x3f505b9fdb7c75d27d45d3a899457dffe3cae17e,False
0x3f692cb95ff68a4c4abb43f908ab7d423f264427,True
0x3f7c10cbbb1ea1046a80b738b9eaf3217410c7f6,True
0x3f8392e5fa193cd73706c456e154d5f31e51389f,True
0x3fc824a60dfd4824439713d62e3b82f35ec42fe9,False
0x40130419698afba50b4edacf0776ea3a7a1c3924,False
0x406b67886429a55c5e0cb66c2a323ccaea6eac96,False
0x4081268183e64cd9cb8dc4452194e0c85e254c63,True
0x40b62a281a9a32bda51433a827236f7c9cbf3e6c,False
0x40dfc27ca78b6fbcfb78e91d3d2426cf6a281e39,False
0x40e3e9c905b7f7c3c877b7b6a4c92419691994db,False
0x410328951d909eca2fcb7e8569fda7304ff571d6,False
0x41230e2aafc568d0ce793ed98bb71bf984a35b48,False
0x4125533e8c48385320069793c463dc554c77a398,False
0x41456bd261c86ce38b1e860b3aa2dd8a4da25a38,False
0x4149f044998bac5407ff1a194dc568af905bc480,False
0x414d872418d15f1386bc1ce57e5c39133efd1625,False
0x41797b5e0398af475422f6f33f2dc81d9a24ae33,True
0x41bc7d0687e6cea57fa26da78379dfdc5627c56d,True
0x41d22d8655ee7f9480badf3e4388dce911c73d8f,False
0x41d4830ad9f9c788f586dbf4b7a0e78af9b18763,False
0x41db71affb45844f2d8b826d923981ad08d2d5c0,False
0x4202e733eb2d17a92401fd75148d04ac1b28f1c3,True
0x420cd058c9c665b63ed3e34de668ec750e0b5cd5,False
0x42e2c9fecb53f48841a15a0b3490ab7bb049e35c,True
0x42e61987a5cba002880b3cc5c800952a5804a1c5,True
0x42fd445e08c89e264695e3687d3fd3547c75d6b2,False
0x431e81e5dfb5a24541b5ff8762bdef3f32f96354,True
0x43242b1ad334c90a9c8123f09a7288d37663c038,False
0x433453d337db0a3e9d8c2df88e4a90d75328b0a4,True
0x4347e44d5ddf158d692ff86ea7df813ad799a990,False
0x435b7d470767cb121f37dd296b2ac7913fdf5427,True
0x439990126634f89d83acd63c36d4f7999d48b6d0,True
0x43cc750a27c55552b8672b88358730d9211de9ec,True
0x43ccab1aa20ec0f327c4d10a52379741921ad6d7,False
0x43cd656362b869529904448db8338bbb8543319d,True
0x43fb2b958b082954eb5c68d284e666a939d10d7c,False
0x4408e04e4d8aeb7edbc0bc0ae66028762fdf29e5,False
0x441ffc632f6eae729b9f313956244d439ffd6062,False
0x44693366d7de6d2f496dd17bb15fc55c6d3f367d,False
0x44aaac5031546a4b2878c699985f133aafa86b79,False
0x44af8bfd575ba95b91211242b74222dd5802e6fd,False
0x44ccd9d41ba1c4ef27d689520de643373a866973,True
0x44e59f7c598644a68975ef41fed052362c4c8ed3,True
0x44f225de1ea7410bd1784d13f62e00ee119950f8,False
0x44f282832496bf95192ae687e461a9607b7bd326,True
0x44fa0b12fab515de7182dbfccc6aa85d897c4458,False
0x450861911022a6a89f0f26a66a9dfa3a53a25811,False
0x4570d5b4177cf209944e8e3fb1f2a77021ffd5c5,True
0x457db311325a0075007846a1c74ddc6f2f24aa77,True
0x4583dffaa7a5e0302232313681561402910cf2f8,False
0x459e9e7fa2631ce07a8369beeaebce0a660b9ecc,True
0x45abf65505af97c17448226fd8f888e5d50223e1,False
0x45be454c5a0b767a38e808280c308f8a7ca4d0ab,False
0x45bfbc00333727efa5c1ece6d2a7ea5930d963c0,False
0x45ca1f8f375bcf61f37e03fb1599c4dc81a1cb28,False
0x45f9675804904a6d8116354bd9ba74cdbdbc88ca,False
0x4629a0f73546c12f0edd390a73f2b67e4010b66d,False
0x468cb54a3821d8b0129c42ea6adf12748d97fd98,True
0x46a0b4fa58141aba23185e79f7047a7dfd0ff100,True
0x4704565e7f4df0bb0c70501f3d41e3c78b03fa98,True
0x47065f1910b5888b291d12f32052810384935b60,False
0x47141933b82b5472c1129cf07fb74007a75666b6,True
0x47167688527bd9dbf2645b54ef3ed318d7a80986,False
0x472a8f500f1fd8edeba2edfaf72cdae8e5d29c9d,False
0x47320b27870c9f7549180aa77b0f3bed292a8b1f,False
0x4755f58b6e429843c225ebce96ff229a1746a746,True
0x4790d687d8f8a199e202b11374cf269959bbdf0e,False
0x47eb8b917017850f139ea1d90ce84936f218a869,False
0x47f0edb4ae92d137c8c39a4b4b063b8f719b943a,False
0x48002ca264076f85e7b22c9f650b7ba168c90b87,True
0x4825de1b75dd77f3d567faea2c8f991be8e46d3b,True
0x482b0654e050ce5a698039d52b66e216c28b5753,True
0x489e1f655c2addc33fe9dc248c3cf24db75b597f,False
0x48b211039586619b04cfb3b040cdd12165e3a9cf,True
0x48b245234cb89d0b6b5f68596db30871f1eca3e4,False
0x4920eec81f2d770101ff3f7a56c7ae6c7b93d018,False
0x494d6a8e1d1ebc3621214d8739d801fa10ba6c3a,False
0x49af86fcda1895c77ef0a3e39c29af4ac841a5e3,True
0x49f819a13c74e4ff24dd856b01a270ef94789176,False
0x4a0789f9de105bfdc729039d8d7ba781e9a3c3d8,False
0x4a276456d1333f5536326111d69f9b6f6fb654a1,False
0x4a4f0bf61a08e379d23031f6f7ff8271eb7ccee3,False
0x4a514260c29625885f36d70847f4c4f169ecd66a,False
0x4a5c64426431935e110e18a96dc18db076fe6b9b,False
0x4a6ed8c05dbbefb617284d140cdcc8c0b6949dd0,True
0x4aa0817f0f448a417dd1b2ee15d024aa041ecdc2,False
0x4aab9e6eb125cdd378671188255f19325e3a804f,True
0x4ad5101407b1ebeea46a90702d22ee60f36022e5,False
0x4b003868bbd5add0d1251553b829e58ba3cdcd3c,True
0x4b03af034512f9535084e44f3cba700e8efe12a2,False
0x4b147266015d603bdade16e92f403cde2ced39e1,False
0x4bcbb32e470627ab0d767ac56bbcb2c33c181bce,False
0x4c026d5d6a7fe1b2e2b28b916ef2016f6058f7b4,True
0x4c40245510965f518b486a3eca3bf0c542f7f055,False
0x4c62815a127747feddcecbc2fb282901d962c5e8,True
0x4cae0b0e66a1c55137df4a1175c1a612d44592fe,False
0x4cc5cd30e85ae3d664d38d7244ebf8aa235d9e46,True
0x4d38b1ac1fad488e22282db451613edd10434bdc,False
0x4d91e99a2e7d83397924a66d7dc9583fd11a73b2,False
0x4d97db908ec7be2ad752561fe39b289f076b60f4,False
0x4da725d81911dc6b452a79eacbe8e2df7ab4ca49,False
0x4db13278ed11a99afac5cf1c3a8b890d24404269,True
0x4db4683485a116381e363a6daf5427d70dacb68b,False
0x4dd3f53d0eaf0674afe3745db36f4f7556975047,False
0x4df86624c79b7913a868c207fb34a5c1974d9e44,False
0x4e0dc605d17793d7b2d1b97c090dcc264d7a12fb,True
0x4e5f413f5c5415b4e3f4615c3a0affa5ba8c43b7,True
0x4e65175f05b4140a0747c29cce997cd4bb7190d4,True
0x4e9f38c90ef05d87a4ea1ecfad592d0a4ade3a3f,False
0x4ec5ac80991913b88035d6a0002e76c1418bf356,True
0x4ed6bff2d17d3f00d08395c3d2e8af804cbc6b85,False
0x4f3b75332d3e5c744f885f9aa430c28963048005,False
0x4f503e09aefd127a2efd94e96a3274e1110342e4,False
0x4f69aff0a1dda0f73196829855708847b0fe94a6,False
0x4f71064865048bd4d4fe824b281ae39afeecaf51,False
0x4fb7d1ebad509ddf63fe88ef6e0509950a1c7cae,True
0x4fbb12c542158d368c9557c8c0ca946f2b7e8e9e,False
0x4fc079537ff70c199049c647acf1462a9280c102,False
0x4fcbd0c9c74afdcd9dc2855e46ac703cf115c119,True
0x4fe27a3898f69f35806e916a410b96d88f727abb,False
0x4fe53e953f1ff4454d144cb6f4fee3f2ca9363fe,True
0x4fee6f009c29c223c48c84a97b82971cf7409898,False
0x5000e435c595b63c097fc3813900147e4c72b87e,False
0x500b48c6d7108cb2d218938d65cab26c2c193354,False
0x500bea59133e20dc63b7e88913b30348494b84ba,True
0x500c7ad670a6de2355578416ed3ce603b35c85ee,False
0x5055dd99f29974208ec6a3e68a95b25c77da9107,False
0x506549a8b2616dd2e08cbd78ad95c8a133bcbde3,False
0x50664ede715e131f584d3e7eaabd7818bb20a068,True
0x5067d2f6c2e6e4bfddb02332b202a4f8143bb651,False
0x5098f04c739b37c8dc69e9af7c0ca65f2f63759f,False
0x50b2bb5f1f3f582d6a6cad73a5c36a2c31784368,False
0x50c8fbc1cdb86301fd5748e2264281bd3970d29f,True
0x50ce537ddd25763d7c914262c1794f6bd900c902,True
0x50daa97738a7fa442689ee86f37d7eed3d55df46,True
0x50dd3d03a0740e369517b3ec7bf476d446429708,False
0x516248289796cfcda550c9938e1da1b8912a774b,True
0x51a125f89cbe0bfbfd62fee8a750aaec8fabc441,True
0x51c0465a705235e9f21563ea47e2e8f331fcf8e3,True
0x51f51d60a96263ab6afb2278e830cbe4b183e84b,False
0x5201103dfc394b7a510e7e1fb3c9159f414cca12,False
0x522b72f0963a33168a55c4ff3c699376c2c1041f,True
0x523559d588d40932310b60efe1fd2389e7f586e9,False
0x524aba01f9e2b6d68e738e9ed22caae8b4125411,False
0x526517d55589a961ce7ad9072ebbb5f2fba766f0,False
0x5275817b74021e97c980e95ede6bbac0d0d6f3a2,True
0x5285d6879f1de2fff759e705b9dc89c3b841dbab,False
0x528bd59e0959150bcec81235a6df85947e31f242,True
0x528c14f27bd208b2bb920ec290bc402d16a12d9a,False
0x52c694bb5eda16693368782c3c412ea3325cd74d,False
0x52daabf8d7fb9b561476faa8be58a1cf25910bf5,False
0x530defd6c816809f54f6cfa6fe873646f6ecf930,True
0x53541cc8caeeee0b5aff9d5194be6db9de23f3e1,True
0x535ec24807642ce11ea840ae828d27430f3cba2a,False
0x53630e822f1937fc846e51a8e0870e1dc2356c9b,True
0x5370cf09769e19051fd2cd31249f630e62fb85c1,False
0x539b1cd67b3d7a90755254269796e83b90ea0de7,False
0x53c73c7afabf6a80b9807f4370e2af0033bd78d0,True
0x53e310e72592591263af6b07eac18e6bb08ed5bb,False
0x543b65d285d708b6f23d667a0cc554fb22b458d7,False
0x5444a43aea36f3cf015aaf24a938ae6baee2614d,False
0x54b55662901af57b31fb6b52af8175b652a5816e,False
0x54ead71318003dfadb951fd83971faf5cddc7cf5,True
0x54fe0c9d5d8fb02bccff65c8a793b574a227fa98,True
0x550d03a0a40d7d59fa6007643c014d3067c6fbcb,False
0x553bff333348548cfabf3b4fcb49ef5f2c28c10a,False
0x555299d4f325fab347d0ddeec4d8e8f2b6fe235e,False
0x5555f75e3d5278082200fb451d1b6ba946d8e13b,False
0x5566dc0aa5cab7b0d26ee1968de2920b902cb10d,True
0x557f796d6e7cf63ab82875eeedba248bc0f1ddbe,False
0x55ba469f42c5057607bbd05efe1512a8cc45feda,False
0x560419b9183db2c9fb8ae32dbc93bef5b34c7826,True
0x560a8e3b79d23b0a525e15c6f3486c6a293ddad2,True
0x5614bf15f347451799ee124ba855330e62cda631,True
0x56237e32c302edbdbf99ca339eebfaa72be79de4,False
0x5625a7b8bff789a6649154d486b0759a4336ecf4,False
0x562c03b7822c9bcb9d19749a328d468eb8a15f48,True
0x563bdabaa8846ec445b25bfbed88d160890a02ed,False
0x5668ead1edb8e2a4d724c8fb9cb5ffeabeb422dc,True
0x566fd1c3ddb493feee75dada63f54d4ed2d9e0e1,False
0x5681ff2150b6e39e00d972598fdb8a19d761f506,False
0x56874fe3f49f552ed6e7765783c02d70ec3ba0db,True
0x569a7c34779f18d29cad30e4d0520895916eae5a,False
0x56a284acbd7318380fc8a380cd5695bb14b5a0ce,False
0x56af52a9611afda072a73afd0e1ff4c4e35ee94a,True
0x56c6e3385acc23826ef764066fa5a5f422c78e14,True
0x570cf51ac81d5871d7fa72fe1f02eb71670dacfa,False
0x5724c9480139ee8cd9cf7955d62192aefa145483,False
0x573123ff11deb1dfef022717691e7d327e2f9e73,False
0x574053576d2493cb3aa3a482e6e16ea7bb41c6f8,True
0x575efc15c881e5c9ef0e4a3cdc35935611a794fd,True
0x57847c5d84e62b20785ffd1a9d047066697e9146,True
0x57b0c59a6b6d9de64e4c92d190cd1ac29842607d,False
0x57b32a1a6acbc99f11046ac88654628afc4eec2e,False
0x57c7a6e11302a28d09e877b92b65d4db3f3087f0,False
0x57da7edd009820e167650ff79ebe44195bf9189b,False
0x5808f403d126a21ebccbc7bbe7b02b7397e0b7d1,False
0x580f07de634898e1bfa608b4307bad82626b2156,False
0x5818386fb3961e1a2e3430a11c6b1eb597cfe552,False
0x5853ed4f26a3fcea565b3fbc698bb19cdf6deb85,False
0x587b938a8b21ea570325e91bdd01b161783a75e8,True
0x58831f5ec6a394b210c2411bda980e4bdf256080,False
0x588a07fdb3ddaff7e32b7fe20828afab7d3387e7,True
0x588daca8d8b81701d8f8ab6124039759ab1f0678,False
0x588e78041b24f6146fd2ca5229da9f2b0c3a69db,False
0x589fb1268ab39dd66c4c4c471242de46ea972430,False
0x58a049263e0754cb51a63248c34ffe07e8434899,False
0x58b3e293bfc67599d1f10541ac94a58342c7f2cb,True
0x58b625399cf5f4ee2a734a258e115b856a0e415a,False
0x58fb797fe7c1d578d8deac552662101843ef0c4f,True
0x59122b7dd9189dcbf002bb9393cbbc9d362bef76,False
0x5912e6c2a1d9fb496a80e77a7c6926f8aa919cb4,False
0x593c9809a0ed0252879a8909beddd0c75262e919,True
0x598c5e19a132a5c433a80c908f05d87bfdaac4ae,True
0x59a47f3fd0a3b1d3537aca7981fe6a436b2d160c,True
0x59af1dd411e4e677e7555a9ea99abb8b2a82147f,False
0x59d048f2d3f0982e4767d716eaaf11c9c6ea14c1,False
0x59dbf07d20879c76372694d1666ba8e848031105,False
0x59f5c71825f618ee589b1c1454a28305823003a0,False
0x59fafd690551988390ce76ec681359a5e30f5708,True
0x5a3e8d1891b26518670d2847dc64f4c322f341ab,False
0x5a41f2b338970b6b0f4f84f57d638ad6ec89ccfd,True
0x5a4fe7459620692b4b2f67e6eb8828006a5d2de6,False
0x5a5b7a0bb97b18c6d73ca9e533cd762f313f674c,True
0x5abc5f885e235c30f99c80b9da8d21f85f65aea2,False
0x5ac453eec44c1b53dfe4984b1a57a38f6117afca,False
0x5ad81b52622a0653d8d65c95609113bb72491a14,False
0x5ade4b88c13428f87436a190777ccd56f3c1a7e3,True
0x5ade7e4c73cea272f6eabd36e5d3941b9784f49c,True
0x5ade889a20cfbabf704f1cb71b1b3aab2b93f5ea,True
0x5ae560944d1b8193d4773fcf0ae3e9a119a33ff9,False
0x5aeee4eada0bdc762ba33f8422f2003d7afe8593,False
0x5b066789f1323c2c6100b8a04c5c23b149212dc7,False
0x5b17c288ad5725710523ea59812fd73ebba757dd,False
0x5b4aeb1c75d77a80c7d6fae8c326b91b690edc81,False
0x5b51e2376a385e059e4d74aaca03546d55af491a,False
0x5b58b3b8b8572a8fb410b7da802983caa3af87b9,False
0x5b6c5ccdade1ad2892bc9b925647306201d677fb,False
0x5b83d91880257cf07d02c24edb37361ac2503b7c,False
0x5b9fb98e2425ab9d8eb486267e2ea9029a2b8e65,False
0x5ba6624ed97eaddc2a2b5778a2771716eb4ca96a,True
0x5bb674d360eb4222ea7994ea4b725f062dcffe26,True
0x5bb96c35a68cba037d0f261c67477416db137f03,False
0x5bddc15142de03bd6ae21059dd7bd515d85aedfc,True
0x5be10f3434bc1ac6c0a34f86da39ea0095392f21,False
0x5c2d3a5b56cb98486a6d898632331bc863dfb8ac,True
0x5c3c4d72f61394f8c69bacf293687a19d99611cb,False
0x5c66f09319d471e100892913ec977d75ce1342c3,False
0x5c8d16d6fdc7903f599ae0175e68b77ea1818705,False
0x5caba9c5aa0031f8ad79670365402a6823bacbe9,False
0x5cbf8c43b11a3b120d2cc2955f9b638303e0d22f,True
0x5d3386b5f893774bd2d6c5a1ede2a88f46639fa3,False
0x5d3dca28a54d855e3c19d24dec55509c737c8d24,False
0x5d47e871f81f84d3154aec772bcce14973112c69,False
0x5dac9653ffe2ba8329dcb2bae928a7a1e8c6bfb0,True
0x5dc10cd84f4167eef98947cd41b4ca7cc3e2b54d,False
0x5dd596c901987a2b28c38a9c1dfbf86fffc15d77,True
0x5de4ca716bc806c79286ee0bab92a585da214043,True
0x5e190617c7cfb30c3c87dd55920e117280d3f8e6,True
0x5e27a2447b4f19064f0014d3de3bb0777f7b84c9,False
0x5e6d36d210cf6ae216faa45c18a6815e20f31220,False
0x5e767aa6204ece873c7d9405c4bca49cd3e0bf39,False
0x5e783cb381da81af6769eba780ec7b0f0a8295c4,False
0x5e962b91dd6ddd2eec8e7df5215ab3ed50e0793f,False
0x5e9fc917871ac9e42d579cdd8f2055ed97ff7d2d,False
0x5eb3882a84d10a76dbd8599e2abc8e3cfbe8a1f2,False
0x5ed00ccc8958b82ef8b37b2c7dd92934478d4352,False
0x5ed86506ff1244bb3ac0c309d5fc5ae6c0375464,False
0x5edcf547ece0ea1765d6c02e9e5bae53b52e09d4,True
0x5ee73827193a7b2841d85f4171033fb783e249a3,False
0x5ef88d0a93e5773db543bd421864504618a18de4,False
0x5f0b2078885d87bffee08233cc3ff6fd48450de0,True
0x5f3fa734ca6dfce889a183da90ffff1cd0ab08c8,False
0x5f45f8296be3f38119d0c56ad339f6bf66154b9b,False
0x5f5cd91070960d13ee549c9cc47e7a4cd00457bb,True
0x5f82c97e9b1755237692a946ae814998bc0e2124,False
0x5fb6e7e6cd299449a02fe47cccd5cb70ff9dc632,True
0x5fbc2d71646936dcc2e9af3cd7e2ae20bf8e9f99,True
0x5fd06d66c3e02c12106d6d48e93c3447d85ad0a8,False
0x5fd7783c07a8173ec7f74c681687d960b03f1f4e,False
0x6030b9deb2a4861bd0ac7dfe228dc12e0fa56c82,True
0x604dfcffc8ee8fcff12ca011479a6136f7416d23,False
0x604fbf7f1e9e3e8e0e055c03be78b5378546f7ed,False
0x606af327d587aba5a7f50775480f7a8a8f2603f6,False
0x6073e4c837b0c91e24c80302aba28a5ddc269ac4,True
0x60f8576d7c639760ed4ab36472e5744b723f3b47,False
0x614d98a57a5d879d717152de0690ed2b04562ade,False
0x61572ca1c6d53011e9b5318aa26dd285c7df6997,False
0x616f29b6a5b05b76eb04347cd30ed10abe9d5ec2,True
0x619e8acda99a146bf515ff006dc0f8309a501cdb,False
0x61c59b3c032b9c1b17b830694c52e84f9c47e23d,True
0x61c808d82a3ac53231750dadc13c777b59310bd9,False
0x61cb791293a933da2d1f6d74a6b5207bcd186b79,False
0x61cb87fd11bf36149290e6fcb7445df379d671a2,False
0x61ec1b16aa91610528018a5fbb988b137d3a8b8d,True
0x61f27713e6ec75801f3ac76c515a3191138b604a,False
0x61fde6848477c24d36fa2f2d6259202b22670ed2,True
0x620b492066ffbec50db80792b631493db4097a30,False
0x624aac4f6f720dafe86aa04e67678fc98c9a9a1a,False
0x6255cb7a706314835a22889500c8d55130912926,True
0x6258d2fd16cbd53f04d479242d7676fae5552f7a,True
0x625eb043b70277577947da2c75f5470ae9ed9c62,False
0x62700a149eefe4fa20458a356c0f8b4a3f31e9a7,False
0x627725a4f5742b56586cb32b310091a7428e9cb2,False
0x62a5e43716c34ffe17f75a5e71f12f0686a8f772,True
0x62bdf13566525bf5c3be236f7c0143241a0fc179,False
0x62d2301d9f749fa3fa63f31215426785b29b5807,False
0x62d51fa08b15411d9429133ae5f224abf3867729,False
0x63052a7398f06a295582cecebb9e71a02dadaf05,False
0x631f82fb2a62496d28780a821f47786b05e2278a,False
0x632a5f7af51b65f7b8ef4ccc839f42c14ce2c0c1,True
0x632d7ac9f4fc8ebf45d49a7e6a27138f96be378f,False
0x639ade8805c0081ea5da9495bb50751003e827cc,True
0x63f0d5f432acbe8f7379a568128bb66daf14c504,True
0x641763fb275dd3418012ee26591a9898360e9d69,False
0x641e8274ce7513e2df215fcad97515165019c497,False
0x64339371e11f529549d98c800ec536e7c9a8465f,True
0x6488b9b595d510b0724e9f552b1cba22d197eb4e,False
0x64baeb02876aa58078aa25c1c43b7a5492873559,True
0x64d6539c03352d0faeab9c2a1c3120dba859836c,True
0x64f94824a554c3ae44ff2ba9f8c292f7fdee93ac,True
0x653f7af9118cb125e6e98a4ba332a64d5ed55412,True
0x65d4a7419f570ed5035bd69b389836ed98beb312,False
0x664dd5bcf28bbb3518ff532a384849830f2154ea,True
0x665175db45e206a94cc94b0de731bb99c61b0d89,False
0x6655459bab7a5e99f2d61279316f6d0a465be784,False
0x66a4bd071abe28cf3405aa42b374c43cab5e5dba,False
0x66b28b798318164b9aff64424d8fbcd1d61d07b7,False
0x66b333423409d3ae4008d6fcc84aadaa8d31a0c1,False
0x66b870ddf78c975af5cd8edc6de25eca81791de1,True
0x66d9af69e6845e8666f355676a267a726c04ea4e,True
0x66e9cb06ab7cc033c6d40173384cee7d7d177359,True
0x66ecc8c617c9bedf3ea883f8a0b458d983f9a34f,False
0x66fbb1cd0a879388005ea9e17c2d951c11334a9c,False
0x6710113c5f591db1abd9831828af306a3a7eb2b1,False
0x67c0fc4b0490ab7e76c08c2bbd30fac0059bbc7a,True
0x67c472fdd2851666abe99b1ec0f091ce3e06c365,True
0x67e7673601a73ab55a2442ad69f25656edab648d,False
0x67fba454603ac62d3508db12fec86b7307bc3620,False
0x6864124eb5f1d82a7e11d55cf022021cd7f3feb0,False
0x686d5dcee9bbac7cc1b845c3f0197f254c6a9e3a,False
0x68d90e84567017cd1c1e14fb8c077c53a922cca9,True
0x68e539042357f46bb57e7ef6e8c85cef9ee1bc36,True
0x6914fc70fac4cab20a8922e900c4ba57feecf8e1,False
0x6915ecd57fc291256bfd7990ac4c4765db74196b,False
0x692fd9d0c2a00e66bf809fdc6dcea5107f5c9f86,True
0x695e3c6f2f268e53aaa667c2998ed0c4f32bfb48,False
0x69681f8fde45345c3870bcd5eaf4a05a60e7d227,False
0x69d7bec89472c439b3544b5e04f50479b23febbf,False
0x69df3681df7081abb72e0adf097a6bf9664d3286,False
0x6a61767e0a28ad0ebe8443257fe1a309b6b24f29,False
0x6a707ed3d020e8ebc39dfd1cb9a332f5c4420caf,False
0x6a999aa95842c89564c19f721cc96c67a7d7b8c6,False
0x6aa6316c1a1d78a14899f45d39a45c5fd92be9a3,True
0x6ab615cf8decfc488186e54066fc10589c9293a3,True
0x6ab795abdc480e44a4e01083cfe7e5c2ab6d7dcd,False
0x6ada4e93aa63f395a66444db475f0f56f4f3ca4f,False
0x6b30e020e9517c519c408f51c2593e12d55b55fa,True
0x6b515a7e210a6f00145645b0a49599e7050c9642,True
0x6b558408386048833f7a13aa3dc854030c212b1a,False
0x6bb8ac89e3c6476025c2337269350891f6d049f0,False
0x6c53311ff8b127d2922d194ac67e567b418d2ce6,False
0x6c6344ba5ebe67f6118b8129e37f67ca9c0d10de,False
0x6c99c45b39d1cddb61b272798ea1da2cdac9bcc8,False
0x6cdc28dbe15e79610f22e77e52ce1d3b8fb063df,False
0x6cdd8cbcffb3821be459f6fcac647a447e56c999,False
0x6ce7f8701ce04759e2bb275ac181b552979d809d,True
0x6cf2656c825656bb07a6630855618df37bec7725,False
0x6cfb8e366a8414420f4c6a59b35a9e3717495ce6,False
0x6cfbceeb26a6ef7b79a237a9e53420016da02dc9,False
0x6d5a7597896a703fe8c85775b23395a48f971305,False
0x6d618072415ece4f9454fd44d438c66c275ac3a7,False
0x6db80d25726c19d5e12175a1a94c8a1e13e0684d,False
0x6dd91bdab368282dc4ea4f4befc831b78a7c38c0,True
0x6e16394cbf840fc599fa3d9e5d1e90949c32a4f5,True
0x6e18791cc6b27541fcdc5ba5aeeab975a9b9c79f,True
0x6e3622f14697fb88c3bac315ecb555c219e8ac45,True
0x6e377e571b5976e56d88c7e9f367fb3ba7c00e7a,False
0x6ee33c4a192118ea664612aec6f7b6e4aef78b87,False
0x6f203a53ed4d393d207f2a0c17b8067871ff40c7,False
0x6f45de9817878b302186f56b38c4c1f2533b660f,False
0x6f62ba4a7d3c43e061fc414069e965065d63c40b,False
0x6f841f601b105f4dc9b48c7a0afa144f3c53bf2d,False
0x6f9ac5b3fa4308620c6763d9aa5a65446e75f5b5,True
0x6f9bb7e454f5b3eb2310343f0e99269dc2bb8a1d,True
0x6fa38e4e778ce8d05d813b742965894719d2edd5,False
0x6fb34dc6febadd5cfcec48afdfdc44449debec48,True
0x6fffe084f6413fa400bdb93b951e71e190d5d18a,False
0x702598c7a44286f894bcb155150251524672af0d,False
0x702a53716a6f2b3c1e06fd6db2e33e43a91a9780,True
0x705e42bea96d1f8bec1f99cc21f37f6920367dbb,False
0x7063e328abf2411b25bf2057bc8a5154c7486ea5,True
0x706c7028b852e0f058803c0040000f0900070d00,False
0x708df04e03ac02c440937be6e631fa8b46cb89bc,False
0x7091de9a5435dba7f051045d64c5ef56bd96064e,False
0x709ff8848e0735cb04cf6519774f44662319c443,True
0x70aefeb3b33a125d2ef7648b9229f9add3dae894,False
0x70c2783aa44a295b9e05cf18e2d13328d622d3cb,False
0x70cf5e5527db54bf8a5f0b5025d8b51ceb710f30,False
0x70e790c39eb82e58d676714bee75727a03773939,True
0x70ece1f52a6020bfdf425f0dd7de6f85fff619b1,False
0x70ee1166e52f227ac161570e02a75d68f6e3c92a,True
0x7124db961a0990d378ad94150642d8daf643a75c,False
0x71432e76653ea9657ff32509272ffd722257bb61,False
0x714a8660f0215e286f5bdaf933ef693fc3cdc74d,False
0x71a40258deda7b955174e817ac8604a572db728f,True
0x71c559f3b9d6ddaf763de47c3b0423806971d1f3,False
0x71e000bda3d30a585135ef5eeb0b59bc36194fe2,True
0x71f12a5b0e60d2ff8a87fd34e7dcff3c10c914b0,True
0x71f2864f1f278681723a1e3621e2bbf2907b96cc,True
0x7263029bfcad15b4486954bde82ffc669b08fcd0,False
0x727f75f271fb0d42c13e76dc2b3c4679418c571f,False
0x72827c4311e0335b6149fbef8788cd82bb251fe5,True
0x72d4d59f31d0cb4a4213a5dc81fc0108241ecc71,True
0x72e1d2ff4556c10af186db98ea5c75020174a0cf,False
0x7302bc5b47f5588174a148c90747a88cb528a8c1,False
0x7324812e5b5ca91b5a74fa1b3b8a73b90f7498f4,False
0x7374bb48a5fdc16c9b216f3fcc60b105c73d1806,False
0x738d89bfc946d05fdb5358fc0e72e9829c355a1b,False
0x73a6ba2e707b497c7be16d80814117cdb8b563b8,False
0x73c8daa956e84b0a312a85caae2e01a74373e106,False
0x73c972781b276893e7cb26a4ba00abd26c829137,False
0x73d38d824fb2a24d1d888da0e582a850cb34343b,True
0x73e3794668fb0cc14e7c36fdee7e329d11ab1843,True
0x73e82b1004654bf6b1891889ed8a1d5596e0510f,False
0x73eb7a4756ef34b903d8f0d320138fa4f2e4ec5b,True
0x741f36edf97debf7a6a80e640e4e4c0eb039b798,False
0x7420fa58ba44e1141d5e9adb6903be549f7ce0b5,True
0x7421c1ed16b400e4868ce696452c3c985f8cd04d,True
0x7423d172aa3c72ea9cffe7b60c9eb174d591ac49,False
0x744ce174630f8a63c0ac161e222e44954bb9ce52,False
0x7450572c4d590bb69ef85a9da75665ff3a78a5c5,False
0x74697c801cce774f4615854720c45ce571334fe5,False
0x748fa60dcb9cb89ced55c6c8b5aa4d722eebe47c,True
0x74aea9791a0074fa6a239d54b3be22f50ae83968,True
0x74b40cad7ecebc056701020c8421329a1d643fce,True
0x74f8276884947325f21ce37b5845f76946ce5a59,False
0x752f6f0e9804f047cb798e54cded8ccd202eda00,False
0x753e1a679b9c1c21f58401bc382519686b517ab0,True
0x7543545d1b2dc04dffa78f66d81bdec89895cd88,False
0x758c1695116818439831427cc478b15a2c525c1e,True
0x75939d9ccf0cccd3938859922b11705796bbb5b0,True
0x75fafbba1bd88427206db585ecd8bf0f849e1b6c,True
0x76525216295e7562264834bdf47f9b75f3aeabaf,False
0x766c2127e4f9c12455d6710e7fde46f4e02b7e57,False
0x767a75f32c40e00f4173f37c956ed094994d3d25,True
0x76871399f5a0756a2f886d316548bd5b1ba648c8,False
0x768e04c8e53c1de41b5c68380d7b332b48e9c72a,False
0x76ac9555f620ce65ad07b348ba7f63725fda64bb,False
0x76d2ddce6b781e66c4b184c82fbf4f94346cfb0d,False
0x76d542089f923b08da0b8174e0150ca2217566f9,False
0x76da9f88e63a85ba8bfa19f3821d5a271753d3dc,False
0x77070bcacbd9966793ddd54cb4b69e5722597faa,False
0x7797fab8f48ae372615426a6da9bb8dbebff7e78,False
0x77b7cd137dd9d94e7056f78308d7f65d2ce68910,True
0x77c6a31e7ead54363776b5f457e73204517b2bba,False
0x77ee52b29358386e31765b07396d53229a2079af,True
0x78046937cb8d0cd634781fdd93bed6d6e8c0d36a,True
0x782920a2a6b5bbcc0d626bd5151d55ee495c75e2,False
0x782e256f781af7bb9eb0ee117ea001194d21903f,True
0x7859d12f4e4c4d10a849d6ecc53015d2aa2893be,False
0x7875b09a9a74dfe5d8d4bcfe3d22e0681b2ea30c,True
0x78857bf204e9ab16730943aa86232d6509cbbdda,True
0x789487d95a655b7cad99e598d969f2164f7e1713,True
0x78b864a7bce3888460ae9793b827ce521ac0d7bf,True
0x78ebe56bc138069557c89af35eb29023ff31ae2c,True
0x78f214cf1287b5c97df55a285e885b09c0d43e3d,True
0x7904adb48351af7b835cb061316795d5226b7f1a,False
0x791933b526d8bb7a03c428e34d712d2da27c575a,False
0x792110d7bab2273b0c084d4e5a6fddb9f8cd6673,True
0x792b2ecdc8c7368b2ff2d17456eff4f42d3c0456,False
0x794316614b210acd02f7c88085f2872a8d657d8f,True
0x794978f4df20422c499527203fb76fd4287809f6,False
0x79595b345620530e5252fa2030058f41fcbf9da1,False
0x7981cc67f1a6f0d72fc43a0a7707c0404b09a3d0,False
0x79d198221d0bb53a1f03491ae902eb0dac63828a,True
0x79dd5c25d2ce3e386e5d0d74dc84e23f581d9786,False
0x79eb85f849bc6768b8558ea532b932a6d430f9f8,False
0x7a13ac7da6f1c5737223770eb196989b0914acf9,False
0x7a16ff8270133f063aab6c9977183d9e72835428,True
0x7a2611b4b14d14c6d57c39dac5b02cb15ef5eef6,False
0x7a601f344f1c7353ebe5cc0f6f8bcc3e7aae143a,True
0x7a6b837a5bbfa9acbbf809bc5b52ad1b077abe95,False
0x7a9a2ffa209c212e8c36e74fb209518e959f65db,False
0x7a9ae30817322c8f583675a99466d4d95dec863b,False
0x7a9bc972508aeab1936d4814e4bc1b0003ccb203,False
0x7add34eb0d53a6ce96742035e0a82e8653d69086,False
0x7afdd1ba1145e583fba788cc21da686e736a311c,False
0x7b19fd2fe8c8b630627acc1e89d6e000a938828e,False
0x7b3ce67fd9f7c2f4baefdc964c72be639f817819,False
0x7b505d4ac6ab4cdf3ff86c48ebf4b3645377817f,False
0x7b699ebe7e2e05d1289d6ec0f38ade471f675994,True
0x7b7d845e46bde07c10b0a543ff6a7bd17d8d0577,True
0x7b858fd1f366a161834b88b38a16d69e376436b5,False
0x7b977a4bc02f87f7ac9a2afed8d71f87dbe2ac39,True
0x7bafc0d5c5892f2041fd9f2415a7611042218e22,False
0x7bb4a929d48b33f6b252dbc3f109f06bbd0ef99f,False
0x7bffcd7d2c17d534edf4d1535c8c44324eb13a36,False
0x7c1e4e41b990f90e28b7bebe73a72cf62ab2ac97,False
0x7c5b226f7365b064edb2eb5ca54998f65a4c5db2,False
0x7cb769025f9ccfdf2df576bf848479dabf8bf195,False
0x7cc696a7734f459d55d1b4d716b1f56416f0c21f,False
0x7cf14de8ba9f136155ac6bc15a96d2957b527c49,False
0x7d25cb84cdfbdaf9a35df24be0a854e4d9d96f9d,False
0x7d2ab9ca511ebd6f03971fb417d3492aa82513f0,False
0x7d4582df68eb30b26d9cb7531d41c7b23f93622f,False
0x7d4a1b3b42d3f6ba734f4024e94cfda2b9ac369f,False
0x7d595ede8c96e03f18270c58ab28c02d120b7f9d,False
0x7d62bd2b1f520ac2cc4648ad5e2ef564b94a0c0d,False
0x7d6aff9f85ef8802a1492189e8021b085c6b37f7,True
0x7d7efbd5575d68c146610b3916b793a0325e0df6,False
0x7d846f23934e2faee6d442a3eaadb2b237e5c38e,False
0x7db0db8ae944833f71d0b61d53b30bfe445237a2,True
0x7db7f636eb50ab2734b587a4eb0ee3e8e75d5254,True
0x7dc22795e01ff8b0693b7f7468cb47e58117cb9f,False
0x7df11a9320cc08f8f241c7cc666472a41e197544,False
0x7e166df4f9e61d4cafe5b218e246692ad92d8246,False
0x7e4823323e8dd1a8bbbac8379d2016e87518b396,False
0x7e77777772d74cba60638f3c19c60a3387172a06,False
0x7eb2b0a9042f96b595aa809107cad58df944e7e8,False
0x7eda16b95f5e0a57118052b89ed22893ecf6623f,False
0x7efe3ac6ec0ff5b6136766ac79a97c1e9d8fd585,False
0x7f1f3e81ccf2fe1a8f6c111612b442a56c47f6d3,True
0x7f26cd6a19230c1531e9f9a3dff25d393f15ab64,False
0x7f439b433022f4674048ec7b0e7d7afefdb1012a,False
0x7fa748c703f0c5826299f3b495bb8338ba444ff3,False
0x7fb0ad6a948cc65ae11323139b7784c5cfd5298c,False
0x7fbaf24be5fb8eaefa5add9af3f7052d3ff52e40,True
0x7fc55ecf955f1c0072b3b6cacab654532f10f017,False
0x7ff1f15ecc6880e0c66ff3abab488ba3d87f7211,False
0x801611b066f7ab67fa1badb4c647bf0528a1432c,True
0x806388e04b7583a0148451a8ecd29a748b8fd584,True
0x80750bdedf97f7f7b72af43ebc0ed37da210be73,False
0x80af91f3a7714beb0ef41b0bf73c5deb160817e3,False
0x80c5df7ecc942195fc9768992d13071e2e4b7a0e,False
0x80c939f8a66c59b37330f93f1002541fd4e51aa2,False
0x80d50ad51fa01044ada9bea7e3cad20af839cb3c,True
0x80eb3b50f86932a635c286e461c9f0e400a7fcb2,True
0x80f609adfceb731e8e620963bd194f4db9f56cc1,True
0x811213d2d0e26ecf65714074cef59119dd7f36d9,False
0x81168c14e5a89f60b30e9a7f82a229406a64369d,True
0x813803ec845768aa414714c4340116df69df84ef,True
0x813e647e2f5d01c8cf2d7f31896602d0aba95c36,False
0x8149dc18d39fdba137e43c871e7801e7cf566d41,True
0x817045f27a0ce1e173fa689400f0d4f3bbf1c1de,False
0x8191d267dfa2937ad09dd791d650a024b1fbee78,False
0x81c4bce7ac591dad395b657616fe3ea3fba15c0a,False
0x81d66d255d47662b6b16f3c5bbfbb15283b05bc2,False
0x81ea04c179b82d31662994a68b2582ad9d860f88,False
0x8225b59fe7088254bba33fc48204915f89c413a6,False
0x825d4f26ac2f18dbd1fdee85c710abd6aaf78b7d,False
0x8286a9a98dd3a31754b116d68d154170e93072e4,False
0x829f2997e8103ee14ff6e69e0bc2c4ef4092c178,False
0x82b7503bffd8aea31aea5ee14fb01959191af45b,False
0x82e4d78c6c62d461251fa5a1d4deb9f0fe378e30,True
0x83193738e5432ae814a1d551d2da623ce9b500c6,False
0x8338aa899fb3168598d871edc1fe2b4f0ca6bbef,True
0x83884ec924d43b6c6d1c52d7b6a57ce4121a4a53,False
0x83910f3e3e0064c15ff2fe043dd042855861d05d,True
0x83b9711b4a5ea2a89606b4f0e4b0a0295b180ab1,True
0x83bb6aa4b30d913864e4f8380b52c03b8077d7bb,False
0x83f1f43ecce862c96e621eea7cc25ea55ee14ffa,False
0x840b7d075d6ecdb03053fff27feaf1f196dc6fb1,False
0x842655def30d10d1bc5cf9a8c08cba133b9f14d0,True
0x846a5646c906c3f564771830c7d6e75929dafe00,True
0x848d254b80ed31a80bbaae4b7902c1ba7650d078,False
0x849d2f8a377b3329fb607c9c4a6c77e1749db96e,False
0x84a80b88c0c91aad6d03f634c70c3789bf717b0c,False
0x84abd78727950aa776f7939102f51df6b166ab84,False
0x84b8fc1711556e0cb6692da843ed10efaaa4d027,True
0x84c6d64f5df8fbd86cb7a6ef60dc8d6567e44a76,False
0x8503ea9bb20b74a0c8287ed225cee82d58648882,False
0x8506d946cc63d1f1f3a303d68b0da64597cd64f3,True
0x857ab110153ad57240ab920e93bfb549c045af55,True
0x85808af994ff8f0c94b9bce7e9f1b6cd2fed39aa,True
0x859a8e0ae06b4912da619938c5469c01d2a2b7da,False
0x85d41d907468e638b1a5925a53fcd74b2880d268,False
0x861d66599aafba582eceffbc6f59d4d4bec84b0a,False
0x863dd8002664b7e3b5d8d74a7b23a911e043f95f,True
0x86494a5eb108ca2068a5bd55f617d430bc6d5eba,False
0x8660e3bb8d6157f8bcb61373518126f9fdae179c,False
0x86af94e5e8d3d583575bbafdd2dcb6b898a555e4,True
0x86fe6a063c2df30d3d89835e9d7d28b6a105ca14,False
0x8719a15457c5107417966873d2a4b16b8478b873,False
0x87245bdf15a30f9b8189fddbf5aed244bf07dcdf,False
0x87c5b39cef8179281bffd7228c6157e53bb814c3,False
0x87d5fe87c5a32146bd59d0a273c1743ad7cd4be3,True
0x87f58397194d1208863a424957bebcc3e075f435,False
0x87f7fb722eec099ac9a8a1bbc0fa909a2c6c4d93,True
0x88038f5b8514a62ed6891309a18e480f520ff9c4,False
0x886bdd127a5d951501e8ced32a20050d40210b07,True
0x8897ca3e1b9bc5d5d715b653f186cc7767bd4c66,False
0x88a0a8c581b5f2c4c8413e07e62a0d1314f1b0ff,False
0x88b7d1ee1d684f7c552bc361769b3f635603bf56,False
0x88ce8a4b8896fab3556cf23308f3387c55b0d0b7,False
0x88d02f2be2e77b8a3ad07f3a4441c4151066a331,False
0x88d6204317b8864cbf4d5ec923995c7ce822c110,False
0x8903a20f78ca08cfa55346c8ff596c33f4208f3f,True
0x8925d9d9b4569d737a48499def3f67baa5a144b9,False
0x892b37f8505ed4c51281204a373365879c3704b9,False
0x89439cba8b2d4f7988b24f5d2d6bab8edcefc441,True
0x894b29a686ff37a487486a19322f2ac3a6f812c8,False
0x897b887be92d7fee34d4568cfc0ec48e53cb9b72,False
0x897e5bb1b7074cf6177d64d87f0bfb5e032b00b7,False
0x899241b0c41051313ce36271a7e13d54c94877a1,True
0x89932cd2453656d7c799b316e56d38c0a93f7d7d,True
0x899ffc975f2c849f772641ac5ce1ec6fe07daaa3,True
0x89ac06752a7f21b6443e0e0debbcd1e73d71e60e,True
0x89ba00068cca54f77cda3e679a7e6dd27d9c1e74,True
0x89d345e4910b201a4780e0bfe286f56adfad7be0,False
0x8a16d7d0c4f911c315c2fe7210a708f4a839cf63,False
0x8a2ff4f48a2aef354d96339946b03fd740293bce,False
0x8a5c6c309c3c9e8ad1b09ceb6833222f4d5efebb,True
0x8a627f0b084f9d0efb3569a30d0f637d8924838c,False
0x8a64fb28e06df7d47b041695c174654e7ad9f68f,False
0x8a70b9fefd03d8c54877bc26203a87f253266fc8,True
0x8a72c47f190f2118227a83da784a2ce45c54f484,False
0x8a79af7f0aaa20685bcfab67d7a49ca52427bef8,False
0x8a83716acd66d9e1fb18c9b79540b72e04f80ac0,True
0x8afc98aebe82d7f2acdb2b224ed68da49c703cc1,False
0x8b01d375e274213c860ef6ac013dbdd5286cd816,True
0x8b308c0870dd6da8aba82119a924b9a621ed27bb,True
0x8b4fc5c315c356a316f8370d8796883645570d8d,False
0x8bd431fff72b55231d562482e7661997a16e0a3b,True
0x8be8a061ad7391b01d8ef23ba9b625d38121a371,True
0x8c05d284f9bc857f4f1e9509b20990f7c6ae9215,False
0x8c1d452c33706ebead3308400edd4e6a23cd4f32,False
0x8c1ffb70033b46eebbebc03eb7c6602bdc972dd2,False
0x8c43ce9afd5df06150e11df53e622206f5b39774,True
0x8c44c438a06e571cc71494808e058fc9f11d32a4,True
0x8c5619eaf2bb18cda7692610acaac724f57b4749,False
0x8c5c9253f26fc110a5878dccb9cef12ecc51dc25,False
0x8c612b03b3358c1e535706695c635c360034b968,True
0x8c7adbe9452ba487710ab5ba911cd71caa21ccff,False
0x8c9277158dd4647cf6cc9b9fe21f78ae25fe42c9,False
0x8ca8d2cbc07edf6512cada0d2573c8f4802a1989,False
0x8cc4264361216b9e3ca4d764cbf317c0c746780e,False
0x8cd9f9c08c6a3f891bc570f1d6a3dc91c1f62bb0,True
0x8cde3b53aa2a49690ad2f7e4da65874564b118a1,True
0x8ceb117f98cebf18b3fb97181a8a2067fad700d7,False
0x8cfa4df607a7bcd968b970c92cdc0e27cfe21640,False
0x8d1cb46319e07e0ab6474b5d0bfd9264363f2842,False
0x8d5e52ef19f234a2dc91e0d6aa3d4d74f8128b9a,True
0x8d605e606b3aee143ff0d039f63100a52f17d85f,True
0x8d8b9c79196f32161bcb2a9728d274b3b45eb9af,True
0x8d90a4fe233c2e5f59ee8180ac497a6c1749d0f7,False
0x8dd88b61cf08f359f3672c217634f1ece1904055,False
0x8ddc78b9085ea28682bce68074d75f93f78b5b47,False
0x8de015433657626187c93fcf6f75704940e06211,False
0x8e05318b183c53269f536630564445437cb0a588,True
0x8ea93d5d15c1bd460ad404e9332fe07146a5eb88,True
0x8eaa44b62233428a190271e47193dffd8fc3d04a,True
0x8ecf8017cde21c8c8ec1a70e89f139488894f613,True
0x8ed1376ac0c525fd7187759438f8fde93a0b1bf0,False
0x8ef6da2ccfeed6643ef58cf4446f57fe3498415c,True
0x8efd5dc4cfb4b48d854cc9966f9e9c4083de8417,True
0x8f27eb8b65c2fd17495eea79d26eb41eb54ef2b8,False
0x8f6707e8d807835b09394e351d971568bc2b3151,False
0x8f688a91695f7d2a1e93e57cedcbf5c5202f617b,True
0x8f842799ae515fbd1470b08ec7571f6e1567eb98,False
0x8f87db96d80ef2ea8e8219bcd61a4354fbd39f50,False
0x8fa54f2e82c2afa672b3c1c3931751af5a5aa2a1,False
0x8fc7ca8c91d03762761b874a9c48b20413b60e8d,False
0x8fc96fec9fc41a8808f68e1afcf1cb7f69011d27,False
0x8ff37da5926508c7c435b24bf9b89f7344dba7a2,False
0x9030e10f14da4303868527643f99d98b7f032b68,False
0x903a97385f13597ea34e1952c6b50d303498fceb,False
0x908bdb4ee673e526b553357551fcda55c659d132,True
0x909de82d392a523c8246e3216a22f110fe963930,False
0x90c85b04fd715302d50fc876df00f8a84a93ecc6,False
0x90dcb52449769caec3ccf863328eb3c3bef3320b,False
0x9152e0f5224640cceceb14b11594ebe5cc1ff205,False
0x91ca37555fc5837931e3336760124b7ac75ebe5d,False
0x91d76a63edb1bbbd834c74dff2814ae44488dd2f,False
0x91ff3ed57c7bf84bd6a985a02336a4e176a9efa0,True
0x9219e2778e0fac0e59010157386f9c930cb25ab6,False
0x923d2f38fd86bc66478b990168b8e0d4d64d1fc8,False
0x9276bae93adf3e0b55228d20587e72f6f8014bb3,True
0x92ac3fa6a9d5a9ed9286827ef21afa24fe923c6c,False
0x92d9737762ab639eeaa05052b7fa1dbab9e2074e,True
0x92de5e4a5510f1ed0781175e9b61b3eedc094f91,False
0x92e311ec6d2b920ea2d6dc981cd2f092c14be843,False
0x92e9b91aa2171694d740e7066f787739ca1af9de,False
0x93436b7bc73ff30c6c9b96ae7c941382d93dadd1,False
0x93762915239e7a59309b5c14435bfe28825e5bfd,False
0x937bbe8b2139e2874082f51dfb3c91d8873ab0f3,False
0x93bcb41bbd351eed6d31e83687d324146bb74d8b,True
0x93d45506112576c38fb0e5cacaa5fd98404dcb02,False
0x93e78eb931c1e8dc432d12094c688ccf1eb51c5f,False
0x9409e62e8a28c8535574462ee50706761bf2b6a4,False
0x940b02a1f30cbbab7443679e68ce76c4a5823d2f,False
0x94692b042a0e36671952ff0b71e43d6e0d06845a,False
0x9470ad737b2942d2e8ac9fac80781291464ab6b5,True
0x9495c18e1b7e0b026f8eef3d087d9822c2b70da0,True
0x94b351542028128ec819c0de9ce450db4eb47408,False
0x94c99d650415cf4119dd6398dbc160a4b3952c78,False
0x94e64d925ea0d2ea9b143bce58a74946cf76da92,True
0x94e70b76ea709e33f2f41b35be0f2f1d94ce799a,False
0x95082541f9792682a31ed94c1bd78ff98f720da5,False
0x951b928f2a8ba7ce14cc418cfebfee30a57294c3,False
0x9569c89910426acbf95d827a2e23af628c125790,False
0x957ee7a79cead5337746a468ece63c23bef8bd4f,False
0x9581dd103b1f621771e843787dd8d250fb6bbd10,False
0x95853add8368611746636e9e41beea3859f2287a,False
0x95a0717bea69f9fd9e9a2ff725e5fe05693e8e9a,False
0x95b85866899ca3bb793a6f24db1269d310947dc3,False
0x95dfdc8161832e4ff7816ac4b6367ce201538253,False
0x95f31a13d7f5a2246b7da036e77ccbfd71cab59c,True
0x9603ae54364c561ea8f6be6a99979e6af29a773c,False
0x961d2b694d9097f35cfffa363ef98823928a330d,True
0x961eed3b7d4b7c261ee5b023e5f857af5af1e700,False
0x9623a7dfb605f693c9725278cf78bd2f53f0d407,False
0x9628a1a88f1692242b95318580d2167e60a0508f,False
0x965a954cc44e1d9c7a7c45b4bb82da467fd5d2b2,False
0x9663a4cf47174c02add34a60d9bac5252f59bf0c,False
0x9675f2009578b75697462803992c8513fedcc9b5,False
0x96b258b098c550a4fa399bb3e01562d1168f0b14,False
0x96b2748450dc785120d03eca604ec200a8f77618,False
0x96e61422b6a9ba0e068b6c5add4ffabc6a4aae27,False
0x96e6dd3c1636fda723e396d3f244324d616a29dc,False
0x96e818e065b0bb193c3cbc6921d4b9943c0797c2,False
0x972132eb3642d47842c837a68c5bb18521a9ad38,False
0x97283c716f72b6f716d6a1bf6bd7c3fcd840027a,False
0x9751d3216f5f389c2d2341e6af5fa0da9b685b59,True
0x976644c7ed9784e5758bb6584dbe3b91420e3463,False
0x97a15da52360fa6ee857df18115d37bbde380609,False
0x97d6f1d1d3bb0d5f91b4ecf6da23ae816d5181c6,False
0x97edc648ff6a0f53f6f971f392a0dd165e9a64fe,True
0x9833156e2636e8c218252ed5caa62a62463bc768,False
0x984253cad96157b89255f4674e5362fc0feb69ee,False
0x984531a9aaaf1b67eafb227b2576cc3641c8e97c,False
0x98502c88dbd5eb1612f47e3ec36ef45023691483,False
0x985dd248d84bc6f748960cfc0fbd48023b4af32b,False
0x986176df2e9dc6225dfb498d1869aba04893dce1,True
0x9881565cd25dac0174f3f5706842d7041999bf08,False
0x9902d7ffe11feea6a6a281621c98617dd6070770,False
0x99854ba0a00012336fb508c082e5bd974333dbd3,True
0x99b02491fd1a9a7a97a31d046767c08d5ccc9a1d,True
0x99e94953369c1c1c236bdcc76d74e31bb268afde,True
0x99ed04c212dd3929e9063bd78b26ef41858cb62c,True
0x99fba107fd6b7acd6c2dc4c8db8c34692d50da9b,False
0x9a34bcb207807608aadfca9570a0978d5bc28025,True
0x9a4a20fc422f849caa37fd32a873223e23077317,True
0x9a568bfeb8cb19e4bafcb57ee69498d57d9591ca,True
0x9a74ad409101fc904cf5508a38fbec0c42eb76a5,False
0x9a8d309e4d304be5674f11e5d5a78d81c2afcc69,False
0x9aa4e6641fefd0764bfebdeda637e7782d7ed4dc,True
0x9aae67b946c7f57f496206a0d4fb57ffa59aaa2b,False
0x9ac5dfbb8abf91323ec04d1bdee55211cec8bdf1,False
0x9acf8d0315094d33aa6875b673eb126483c3a2c0,False
0x9ae50bd64e45fd87dd05c768ff314b8fe246b3ff,True
0x9b18e9e9aa3dd35100b385b7035c0b1e44afca14,False
0x9b1a0a9e50ccf19ffd4b6552f5d26f898a57f9e9,False
0x9b616ac1d31f17be9b23560d93699ca7732e2808,False
0x9b6a1051286a1cb79cc951b3d6a045c342d0a2a9,True
0x9b8a4e1fa8b28c3ce5c3021eb5bc18b991a8d69e,True
0x9b98b86eafaefc61a21ff9ff2ce2859d24617923,False
0x9b9c09dffcaea00a6ed39af98275136f0b731c1b,False
0x9b9e264bbf38c1992252239846652bb7246b19b8,True
0x9bb2d409ef2e458eaa310d4af411fb5844b0fd1e,True
0x9be8302d10dfb2f756a3f60e6d25e527d7787259,False
0x9bf62c518ffe86bd43d57c7026aa1a4fbea83b15,True
0x9c090935a94129d22315c7a97f668d55ec51ca05,False
0x9c103323e507b20cbf3517a7cfbce3f9404557db,False
0x9c26b5d390cd40640e96be0236e576dbe428bb29,False
0x9c5a6e61d6a60c3b7bcdfc36f67601a370bc8707,False
0x9c7d7df627553d13fe9e67345f0d28f922f89ca1,False
0x9cb8c1463471ee4d8dd6887035f4835a1745e92a,False
0x9cc99d761a66006125e084d038a49b2dd7a118bf,False
0x9cd70873fb0ee90c5ee0b05e4f0ba15369ecea3f,True
0x9ce6e6b60c894d1df9bc3d9d6cc969b79fb176b7,True
0x9d2beea6625c1991c796c498b93842d9e09cb6d6,True
0x9d5ab745da91149f45e083fee7960eba820209ea,False
0x9d6949cfb82266da146daf32c52994e2224a8b38,False
0x9deb06e50c4a20f83c47884ed87aa23663203078,True
0x9e38d938e909e15c155e35fc2dbb9008a1d019af,False
0x9e406b2c2021966f3983e899643609c45e3bbffe,True
0x9e424a7d934ebd2e07c34ba3d54057d84519eca7,False
0x9e60eac2f23c3a855ccc6245b808a89e2966a536,True
0x9e75d5cf5d6a1970e47bc3d37f3c21a878c321e9,False
0x9e90d6fe95ee0bb754261ee3fc3d8a9c11e97a8e,True
0x9ee0a544b301877a0a49af8bd1847710355f7e8d,True
0x9ee1873ba8383b1d4ac459abd3c9c006eaa8800a,False
0x9f22b0df502d2172ceead3b2036cc8bdebf8d124,False
0x9f46acdddd88e3178e1b1e261974b85b83b74e55,False
0x9f71f90a4cebe35c1d971448f13323deb7a1909e,False
0x9f903780044088e5540191c52af6e9ea2283c37d,True
0x9fb0c66ddf23d3fc27d51292bed4fe5976141ecd,False
0x9fdaa53a140a781dd0a6882794f0f3e980dec538,False
0xa005704bc3f8f4dbd8e4ea2882f237178e973bbb,True
0xa005f646b9dc13e1f49b5f53c1c4552fd312f4fd,True
0xa02464a9a96fcdfbb70efa908aea5ea2d5f6f80e,False
0xa038deaaf2fb70a9982750657c11d95e9331fdc3,True
0xa04fec970b4752d3ec1f7a306c7397e2c0255954,True
0xa05b41d32f9577dbba68243f33e1302009d5283d,False
0xa05b981b6ff59ab94f6c4c589428c7e85b49e257,False
0xa080e11ff0ac09f0401ab3f5646318a2ee59b574,True
0xa0b65f62e19b764f8918dc9b457178f6e1268645,False
0xa0ca59432070ac47a35bb203937caab3b7256a7a,False
0xa0f2e2f7b3ab58e3e52b74f08d94ae52778d46df,True
0xa101f0538f7faa9646c46a5ef565255ae74e8574,False
0xa161af0e1ab3dbda1f8085b489350fb0df64a51e,True
0xa1777437c64595da9d5fffd930dce1e929d58ded,False
0xa1952db7d21e45c49a768c7ca143167abda54660,True
0xa1b7d3ece08fb65582021c21ec633685718a0fd5,True
0xa1bfd11f4b0b0a20fec87636cc1716262abd8eee,True
0xa1e356acfc078d0bb69033f4c17e45150f2b7aa7,False
0xa1e5710c3b19f26dfead980885f773a676409f73,False
0xa1ee2ece08b015e5c9428a5a3c5bc9a704e7ea06,True
0xa20fb27b1aade960653cf918b7b36e9225ccdb5b,False
0xa21d57703ec5238b4cbadc6f1111ae1446b7d303,True
0xa22fe318725a3858cf5ea4349802537798f0081a,True
0xa23cb68780be74b254a5f7210ec6cf1c76289953,True
0xa2863cad9c318669660eb4eca8b3154b90fb4357,False
0xa296b09ebcdec2e8d68f29a2c30f438101c5ef30,False
0xa2ee96a65dd1f5b45ba15f04298822fc7172e355,True
0xa33da9ee361678d63ae1a10902feef24315a9250,True
0xa35a4972d74d4b3e4486163066e5ffed6d62b213,True
0xa387f2c32f92b2fb8807f5617e7cbe0e20ac4ff5,True
0xa3a7eae904e92fa67c1888c6572ac884722f5288,False
0xa3c7a8eaf23d2dd89ed81e19a5de8c84e26b0c4e,False
0xa3e826a5d1631baa4cf77d02ed829d2c6fcbc9e9,True
0xa3ef08e3510cd24fedc5202a8f71f4ac2b61b3f8,False
0xa3f2d88fb722d4f2a082edbf98354b81dc34829e,True
0xa3ff556ca28ec5f5cfd3916f8c9c73f5ba266dfd,True
0xa44c1d353cd9814bed79f9045d5b73f491e6ebe6,False
0xa454ef40506ed691d863f11b2f7fccce7303bdb0,True
0xa4851773969f0e594dbd50d9e98de72cb89cf6e8,False
0xa4eb44e3f366a7c33348f1a21e01d00b55fa93e3,False
0xa51051452a47e3def2cd7961ddd626db11965dde,False
0xa53a13a80d72a855481de5211e7654fabdfe3526,True
0xa53a3d07b43ca6bc447d4139cf01b06f018f3636,False
0xa56947f15c769682eb342c221ec7ef3d95e9b846,False
0xa5ca469103c502c5137afd926a644253fe5fb73e,True
0xa5fc0bbfcd05827ed582869b7254b6f141ba84eb,False
0xa5fff747a124600c386cc32e2a5942f7cdd4a940,False
0xa67691c70acfe308cf494acdbfed6d69dd5093fc,False
0xa67ec8737021a7e91e883a3277384e6018bb5776,False
0xa6b1e9ca1a0497fd6eacdbd89f1cccf0a54f1e96,True
0xa6e41417e7c5b637681d082e308002ef8a8f18ee,False
0xa784e8098b59f7468a71d1683cfe52c0d17043e9,True
0xa7c155cc06ad6f18aab5a34fd08cc6fff247310c,True
0xa7e9f4f8fe405413e2b12207f019678e57e116d2,False
0xa80191fca50be00f8952c69232c93d57eeacaf6f,False
0xa8279ae2521f63cdeafdaa046f8f2a4520fc2458,False
0xa82b4bfca10de07b9d1def50828882f0ee5179b1,False
0xa84aa8d0f9e3bf701cebf421b584becfc714881c,False
0xa8672c3cef0dce305102f20ac820c921c91ff7e2,True
0xa89f4919a70e90701b1e36b1ce14a8aaaf38e3ae,True
0xa8bf0cd4d76d92cb345e81999029f3174a219305,True
0xa99e7b671850b31c75c73864c3e672d3cd2d2c87,False
0xa9a944955619337b5eec75cf2e4f4ba39ed43fc2,False
0xa9b079d27e5992d04935ba661970f8089546db0c,False
0xa9cdf0542a1128c5caca1e81521a09aec8abe1a7,False
0xaa35da9508687adaddff4bd2e0aca8986b9d479c,False
0xaa809fc863a33daf1e694d36a3614894585f8906,False
0xaa9e7169cb8b65d62875a061ea6bd603d91254aa,False
0xaabeb0367d41cdd6bbac34298c7cfb32b130e63d,True
0xaac840c831e8c59de39777438d3afd7f4e4751a7,False
0xaad747958f996b22f360fd1d0e3ba56efd477c1f,True
0xab0567d7255cee07736e1ee8f795c11a42475fc0,False
0xab2c4f9e31f427f8d5723d48879b963c05154ec3,False
0xab2e11c99d8830d5d9b2494a565c974595e39eef,True
0xab5801a7d398351b8be11c439e05c5b3259aec9b,False
0xab5a193a11f779fe105e8edf9815a0b514b013ca,False
0xab662ac0f2398f134ea3870872089b7ab52f3c78,False
0xab869e968958fa5c5da9bb7f99eb990ba9af8aae,False
0xabc0ac1a0d7c427ae9cd360f311f2ff63d921a4d,False
0xabc508dda7517f195e416d77c822a4861961947a,False
0xabe43300c1b7c7bbbe7ff144ab41e27ab5084c46,True
0xabed4b1ebcebf73aebce70823c6145edc145d6e2,False
0xabef179ecfc4d1d71ca93db140c0434fd4a4ad60,True
0xac39564062a10d247a709be49742c4622763e1d1,True
0xac4bd05953587836dfb12843a9951570ff403c0f,True
0xac8f599d034d646966f8246bd7cd70a63acd4d66,True
0xac8fb88da61813a9247ffa2060082f352c39b6c6,False
0xacb78857cd645258e3c5c1efd6df59431bfe9d90,True
0xacc066d74a3fd7fafd9149fc18f400c1d085614e,False
0xacdc50e4eb30749555853d3b542bfa303537ada5,True
0xad0f62d1841529ea7442de3f967a42a8410a48da,True
0xad3864b39fc5b551769052ebfd0db9414644eda6,False
0xad59b03e636bd52d8ed1eece56a49d8eac327883,True
0xae2daf6c90b7fa6e76d23a0438d634fbafd8760a,False
0xae4c0464971a49965f3f596cc92bced29012d1f8,False
0xae56f76f5dc8325242dce61cc24488fe740f4832,False
0xae7758ba4157d0b6fd00c405169ee62678acc58a,False
0xae8b8ff085d4e68c2018c5303d51531afc64195b,True
0xaeca4d12c43158880ad1020502b35502f752c4d7,False
0xaf007d4ec9a13116035a2131ea1c9bc0b751e3cf,False
0xaf01ba96b573dc1b5511c8b6e6c7a7866a792f84,False
0xaf2510fe1ce131eb5ee20bc9700e11fccfed2316,True
0xaf31b0832ab5d7176a41cacd793e41bfc927a96e,False
0xafb148b12c31df6f04b58104b4a9f538a59eb071,False
0xafb93285e08148caa7c2262e21de2d3d172c8461,True
0xb0186db65b87a3ab477eadb9fb15d8c8e8773ab6,False
0xb01d8124071c6c0ca2d8a135f2e706ae81cb43ac,False
0xb05bd96eb0e02ea5e1fbe2cdec5b4a6f47ed31f8,False
0xb076d6fd3a030d236bc5b231abf8eea930e2c88d,False
0xb0bc63da406b009175ecf144162b3ab0135e1088,False
0xb0c91f7ebba45bc9d249cea6c07bc1b5a6502152,True
0xb0e83c2d71a991017e0116d58c5765abc57384af,True
0xb0ec32d3d219afd97b87e167ce518228647ef2b2,False
0xb0efc81b375789c9ff50f4629cdee70f50140f07,False
0xb10ea20e6b6445bbc1eb5ac3e08ccdc14243ed72,False
0xb157ba30e3467ddbc844f14f02b4ba741f1d549f,False
0xb15e535dffdf3fe70290ab89aecc3f18c7078cdc,True
0xb1648c528a46f953a64fe4de9a1f83159d1254ff,True
0xb1729e44da2fc38a131f3a925d4069f7b16bd47c,False
0xb193da6f9f2252be679fd5b020c22ded01f4ec8d,True
0xb1adceddb2941033a090dd166a462fe1c2029484,False
0xb1c30004925d87a4da8a0bbad067e9c9300f66e8,False
0xb22d6fa366f7b6e92d0ec4888b603047fd2f943f,False
0xb2486435ab56c626cd7aa25631c5e8995abb990e,False
0xb258ad4125e84068f3a47fbbc4f6aced2bc148ec,True
0xb2dc1016076947241293a6f7ed99c70517708e54,False
0xb31aeb2c834ffb51603a5086ec2825be8ad216de,False
0xb32f88b89365d428751aa060ab1f983d012ac423,True
0xb33bd367cd4d41be5614516113bc347f8422a028,False
0xb33beda4cf870d31b9ac86beb70064f5ae66125f,False
0xb356f66a86c7eccd83cd2e66ed2b5394d9217157,True
0xb3832f32530d2d06783ec36f3faf848ca889d526,False
0xb3a211438282576df28fb9405ee0562343821847,False
0xb3a66b7ce5bd65b0ea5c858b9824cba285dc5a8b,False
0xb3e08599ac57666be68dbb3d311b9c607900a83b,False
0xb3f09f6d5d1d22579383e56123b7c360f343e255,True
0xb3f3658bf332ba6c9c0cc5bc1201caba7ada819b,False
0xb42bc3738ceb580152fd23f830cabde83d0d5a47,True
0xb4407351bbae0d43744fd1524474b50e39bf4cca,False
0xb460336e8850ba79c56cfa6e47de2fcd3d2d3d63,False
0xb461399817e45ab4101c61aef0866c8159c85db4,False
0xb476a9ea9376b04972b40b40a4ca91d3e5f964a7,True
0xb48df892529f8a751bfdecaef33b2ab8fa56ad8f,False
0xb4cc91f85f9a7178715c0aa51c218211ae7e639f,False
0xb4e2a5c63de2785ddcf0885e40875e54f7c27c78,False
0xb503d4e5428aa7062e94f04e83bcf150fce3100f,True
0xb5503934f71db95a0aa53244ca7466c8ea6a3611,False
0xb59ecdf6c2aea5e67fafbaf912b26658d43295ed,False
0xb5c7ad3cb6506c65da01f2fac2e667dcb9e66e9c,False
0xb5cc3308c8e0f12fccca72e0fa3c8c20518c11e7,True
0xb5e34308a4bae2470d6ccf23ace4718fd7de4a6f,False
0xb5ef88a12c0b58f0d719ddaf7f38cb836f965b63,False
0xb5f77e98181a03a1347e7a1a172737c8674c101a,False
0xb5fb1a63da629c39687d917f4a9bbb49a4e283af,False
0xb655a9ecee1dd4eee62dcb4c2b42a7e2fab63a51,True
0xb6647cae065c321e75775b50a25fd54e9ac5c436,False
0xb6ac5c347984b63b6e2b9b2a9f9e9568cfe359e8,True
0xb6c9855bc0dd12c8c20731991968fa15fd68ce53,False
0xb6e2831af922dfb15389ec5d2ee7d8d894b9bb0f,False
0xb7169795f0c942f6be0b20e9790460961689e3d4,True
0xb73d872919f199d650944a29a4b3cf3cdeb44385,False
0xb75e32952cce4d70e1d82199aff7c91d28d82b90,False
0xb78e90e2ec737a2c0a24d68a0e54b410fff3bd6b,False
0xb7b9a7db7bd0393184cf7aeb080da45a8c0a02b5,False
0xb7d691867e549c7c54c559b7fc93965403ac65df,False
0xb8000aea202ae284045b7b5e70a3034a1d5a5d34,False
0xb8012a8984fa249bbc2d853875241034f19cba65,False
0xb8146d08ba90446eff8a94b48634f09048c7e60b,False
0xb8326672515862b53cef8dafc9d790bb1d67557c,False
0xb84ca2f5a5bf8ed09a53593ab847ac7fed15e5e0,False
0xb86ede13e8e0b6cba825f6914b4f7de7211e61ad,False
0xb8c30017b375bf675c2836c4c6b6ed5be214739d,False
0xb8d86a70598ceb324d427302dd648d11aa2b776e,False
0xb8e7aec562674410e1e4cb4d169d15ec262d2ea5,False
0xb91ec2da53a1c58add1330e7d6851b7f84e341cb,False
0xb92480f52f33731568154fa811851a7316c503a2,False
0xb941f9b7566e7108332a9ec187d222a1cc05e422,True
0xb957dccaa1ccfb1eb78b495b499801d591d8a403,True
0xb95e5d849362ba392ba743c0aa551555fb58fda4,False
0xb9a708c67e2e13035a5feb0f1a2f9e3b625ebd62,True
0xb9f0c60b936db1a9d53db49aa73f8f49793cc57e,True
0xba1dab917e304add317fd60b8d8623f9a19ca9cf,False
0xba1ea9c3123e35e7463852d41f9c7bf93af08a7a,False
0xba3083b4aff4077687ce378d274eefdc9c9e80ba,False
0xba5ebaf3fc1fcca67147050bf80462393814e54b,True
0xba67c4e7b029dc0704a5bddc07ebc768f9afe74b,False
0xba7f21acbce5f9b039e566cc0029c9eb7934ca42,False
0xba9caa361f16706f4cae5fc2db5bba1394347a44,False
0xbab15b55ae3369a15f449b8eeb09a9e0ee52cc38,False
0xbabd5c22f1a22969d83f7a99d615b9928eb66bbf,False
0xbae8eca7740719aed4e3bee50b5d35d8cf21e77a,False
0xbb2da79345eec1b64b5a26736f693a9874e1c409,False
0xbb4495c883387b045e2647dd8286f4f9360e2279,False
0xbb480c455f343b77fbee9aba78a973512577b2f2,False
0xbb830af11a5bf085e63ee04bf4f3da50955e8eb5,False
0xbba31530cd8e112be845da468b72fbbfe739387a,True
0xbbc263af35b3dfe6674eb4e1e8de567602fd6371,False
0xbbccf6cab5b3aec26b0cbc6095b5b6ddbacfd59a,True
0xbbebded6afb5d8439c1e8c311139a440978b2ff3,False
0xbc71a4ed37829af1b845f688c3a9fe4576f7086c,False
0xbc77ab8dd8baa6ddf0d0c241d31b2e30bcec127d,False
0xbcba34246db4f560fc19b9a56111b90f8cadb248,False
0xbcd1f11147013bd599973d3d2dbecf06bbbc56d5,False
0xbcdf7e58ba83502a503cec8eae49be6947d3aa10,True
0xbd1509926ac0fee9f49d3959d00efa5500476cfe,True
0xbd37d012306694f6468a05babc57055fb57b9985,True
0xbd4591f93b6cbfb3ced2b050486b0b5fc137ace5,True
0xbd47d415b7b4597eba45d4f92cf07294f655930e,False
0xbd4bf79497202056e83c3391cc725c6b7e8177bc,False
0xbd57cc034df35d1df77667de56cb22fc0331438b,False
0xbd948c7c1b088d8bbb5a9451125fff178a1f3a86,False
0xbd9cbb6fa0ac2d4ce1368e8d74ea1a0d80e0b4e5,False
0xbd9e0a744059bfb83dd9b6a07f050e295956abd9,True
0xbdb61a0e330d894b1eefb40946bddd697293c7cb,False
0xbddeb8b18ef1f4017951cbe9d8682af40b8cdcb0,True
0xbde12a9f95c0c172812b62d8e27cc7cbe9a519ad,False
0xbdfa4f4492dd7b7cf211209c4791af8d52bf5c50,True
0xbe32ef4533db4087192047edf7048206ea9e4746,False
0xbe4f0cdf3834bd876813a1037137dcfad79acd99,False
0xbe6db5f6b4656d4f85bc91c741b84ede77fa89cf,False
0xbea0c0e7995fa5305aebab845e6f36910e82aa72,False
0xbea1efeed7537236c577b321ca49fb394b6dc7dd,False
0xbecaa4ad36e5d134fd6979cc6780eb48ac5b5a93,False
0xbedf3cf16ba1fce6c3b751903cf77e51d51e05b8,True
0xbeebc0c769a24f94681d05751fcda51fb780931f,True
0xbef78bef9f383bf3bb5e337cec7a4d1160a7fa11,False
0xbf2549462f48a893dc5ff7ed8bf62debaa419b1d,True
0xbf3103b9658cf92a041125a7b68a0ed3ac792259,False
0xbf4acb94db4bc6b69061d5d690ada5d045026d9b,False
0xbf583c5e1ea258164f582dbb6a7855363c93f8d6,False
0xbf8640ac1f6226b284f21bc67904b7a04a6bf2ae,False
0xbf9a2154df52623c0e1eaee45152edbbf256a949,False
0xbf9db3564c22fd22ff30a8db7f689d654bf5f1fd,False
0xbfbe5822a880a41c2075dc7e1d92663739cf119e,False
0xbfecec47dd8bf5f6264a9830a9d26ef387c38a67,False
0xc001f4a4db1849e4899e932ef09136d639f62294,False
0xc0a520bcc90c7870e59e2f6fccff66ee545c5b52,False
0xc0a7aba6031d05b1f28c101ffdb1396021a765d6,True
0xc0a8c65db16a68d9c9123e02f75aa36bf2a4ef4a,False
0xc0aab8ad142a2d8ce62cebe41037439cf8e33811,False
0xc0afef712a1341ca78da145b2afad346e8c3574f,False
0xc0e030b6464d68436b49371959acddb989e0d107,False
0xc0e1ede986420bfd5e6a7dd895c0e634b56a4d07,True
0xc11c91a9791f76bc3c347600baed02e6f034170c,False
0xc13a0191a89ce9bb3a453645f48840d0aaf6d77b,False
0xc1531e812a95f24f32de07fb224243b7e89a62b1,False
0xc16414ac1fedfdac4f8a09674d994e1bbb9d7113,False
0xc1eafffaf9bee8b41b09682f416584d79f1c7841,False
0xc1f0a5c6cfa9edda352336e9e8202bc097e72c68,False
0xc1fa63bd4189a9c49a30010b6a3ab11194a95842,False
0xc235f5ab53ec03ce4b4fa8e0db9debdfb8a3b363,True
0xc267da714ddb007bc198cb9bdb722c66e652c687,True
0xc2707568d31f3fb1fc55b2f8b2ae5682eaa72041,True
0xc292eafd5422a9c961cc2630cbddf04c93db33bd,True
0xc293d420a4821ae485a9582390e46a4f56dcea2e,True
0xc32d7f8b71b6f79c9c2d0df200fc76fd6028d215,False
0xc344f940332d3aa76e4f20d7352aaf086480111f,True
0xc376b14ce19ff5936e968740ca169bf0ec28b15d,False
0xc3ab8a45e70c49a94a36122f3159ba95d3f2dae0,False
0xc3d6880fd95e06c816cb030fac45b3ffe3651cb0,False
0xc407d9993b29f0ada4a98686f134c78567d0f562,False
0xc40d5980f1c46b32c17d4694214488997411a3b7,False
0xc429050640e412d758f6711554485dbfba29b08a,False
0xc4805f44d9086e14216c3360ae89da9dc8d926af,True
0xc4851dee24da2046e144d8f71b18c19bd75b73b4,True
0xc49b59301be4d9660961f62fbeea0e234e3a53b5,True
0xc4b760a26e6ce96dde512c4b8cf988c2bc8c233f,False
0xc4e70f1c8a7d74afbb5da56d4b3e307c125fefd7,True
0xc518803e8f6734aecf577aba39c53148daa6be07,False
0xc5372a76837b1a75c1cf6b3ac46c15e820356a62,False
0xc540eb6c7b3e44ef8a45db3ad8618404baed88f6,True
0xc5490c6348543babe54a8892d2bba2ea06fb496f,False
0xc54acb393baa0444106548d523f165bda2094385,False
0xc55c7f66c7ffd1f639aeb11763a480e705cee617,True
0xc561c9b7035732b4ebdbae6ac43d6a293ab53896,False
0xc584ad3b7bd772729d52df2ace3c08f4a2aed5ac,True
0xc593eff55725339bd9bdca2795732ff551c13639,False
0xc594a87d7b6bf51b8f0a51439f0bc92a0f525098,False
0xc5ac09624236cf36417ce1fea1da9defb4598ef0,True
0xc5be684d0e1baf22384b6d900b6fd74399a5df08,False
0xc5fa341e1189a7f04699759eadefb646b1d5f3bf,False
0xc6227bf27ce498a51e693ff77202f63636f5ca7e,True
0xc63cd52121e13d03fc26ed6d0728cfb0c0672bf8,False
0xc66a85c8406575b7df519584f3200c69b7c90e45,True
0xc6b9ce4a7518ee35537f2a53d586173ee4b4ff6d,False
0xc71acc7863f3bc7347b24c3b835643bd89d4d161,False
0xc746722c4c72f998726049e84d73db44dae07233,True
0xc77fa6c05b4e472feee7c0f9b20e70c5bf33a99b,True
0xc799be8de03f20b2d3b101e6f6516d614e6ffe06,False
0xc7bce1557fd2be9132e681a7a2f79e4a8cfa5805,False
0xc7e2354f4b22b9c76fbb48d0534f419f1e32d178,False
0xc803698a4be31f0b9035b6eba17623698f3e2f82,True
0xc83cbc85ac87709c86ba1c38727825c4fc546937,True
0xc85fcc44005a1d24142c6b347a0256b5e9306c10,False
0xc8717eb3f4eacff36f2fdf6824869c1eb16b99ac,False
0xc887fadc6baaa8cd234d9104a65b37265522b024,False
0xc8a36e8573d50afed61fdec853092ffcac239d84,False
0xc8dd81e7319339326b95fa16a43e19f4b295ac1e,False
0xc8e829b387dcc67147da52439bcdca8cb4875295,False
0xc909cd2682100b67065c47d99d8697091674fe08,False
0xc93356bdeaf3cea6284a6cc747fa52dd04afb2a8,False
0xc93678ec2b974a7ae280341cefeb85984a29fff7,False
0xc95f235896f5a82486ab645596fc29b76e52900c,False
0xca26d96b45111a130af78d69e1db283975547d67,True
0xca2db2d21bc1af848da2b7cd423a29802371f399,False
0xca41275733bba2831487206631cb46ad40bfda5d,True
0xca968044effff14bee263ca6af3b9823f1968f37,True
0xcaacebe2fdac9d3783563b9b80c714df82705226,True
0xcaeca978e289bf848bbaa873cb74be2104969366,True
0xcb577fbe8b9424f177441669ebd45665726f6612,True
0xcb9395ebe6c06432ed9f1a589490e2326ac3c704,False
0xcba1a275e2d858ecffaf7a87f606f74b719a8a93,True
0xcbe203901e2f3ca910558efba39a48af89e3c558,True
0xcc202f8aaab20723ae1f33fa12db2e061f7d2d73,True
0xcc34c83323413f93889ff3715688c269044ec275,True
0xcc372ad880f1ef941f647ff38b723fb546ccf1a9,False
0xcc7e353963d1c6da618d8e8b655a2ac32e1d7b3b,False
0xcc876be657b5d3d80cb9d483fb846766a8b80185,True
0xccf343eef0c5f2590ee30efc9f564b33aeb3c7e6,False
0xccf6c29d87eb2c0bafede74f5df35f84541f4549,True
0xcd04183a0220e28a6197dfcc78081dc2e0815ac7,True
0xcd3d5ac4dbc20018e7c046d94db607557bad435b,True
0xcd7270d1574e3513068606eed084d98e76b27e2c,True
0xcddba405f8129e5bae101045aa45aca11c03b1c8,True
0xcdee22eed0712f4d00a5b0ac3507cc8aad64ac08,False
0xcdf4a9abe6ef6be770a77a6dff28298f2e6b8efd,False
0xcdfb592fd0223cc3eeb5e312efc1c19463c439b1,False
0xce2f3600d79ea3608feb1ea0f51a88bfc7d485c7,False
0xce91783d36925bcc121d0c63376a248a2851982a,False
0xcf63e1c31805254b6fb3ed7829206c2b2505e3a7,True
0xcf6d38f828b34af66a862918a8e5ec583753e981,True
0xcf766ab341243f73959af9fc954d500993d3269d,False
0xcfcce06af0ee209dfa340247199057fe619c98c9,True
0xcfdca673b940f3740901052cc96fc38d7e5ac22f,False
0xcfddd646e4135a9f1af02bc70b12cb19c9047ca0,False
0xd0000d82238adc78c8ce213a30f3ae32de7b000d,True
0xd03e0f7a3a67a9a9067496060fee74b8162f2341,False
0xd0759d606df22a3b9622a09944d467aeefb40946,False
0xd09ed9ef36d74345c9f919e1a8a4f7bbc4bd294f,True
0xd0b23f8e6d6f0fb85dafa9c6d2dc4a7f73849b39,False
0xd0c3429563c58549bbcfa04db84dac0a1bb028f2,False
0xd0c7f624c39a2b03cbfe0e4416360bfbf3e8ac82,True
0xd0dc4cc10fcf3fee2bf5310c0e4e097b60f097d3,True
0xd125932b987c81a8ecb8d39fb7c8d9e1c45e511d,False
0xd131f1bcdd547e067af447dd3c36c99d6be9fdeb,True
0xd1472d92fc559af6c6f63b3c0f94152f54d7147b,False
0xd14b6f961fc5a5c18783976f897bf7adaa232018,False
0xd1a992417a0abffa632cbde4da9f5dcf85caa858,True
0xd1ad08ae8dc3857ea95afc7e7acf31e44ebdcf15,False
0xd1e9bb87a67a63221c7a4eb9e4e1ab66422fcdde,True
0xd1f1e7165c615ad5e4f677159ab4dda0979e61cc,False
0xd216c6c3e66b42e20e80cd65713c0acec990c0c1,False
0xd2440eb0c532a927292a3796c532bad01c973ab0,True
0xd26a0a35321c6793e47eb602f1676c915caf111c,False
0xd277082d4c9e4c17bff55769665454325e79ee70,False
0xd2976a56cd84a91a2e83685a6dc5308315e29f15,True
0xd2a1a1f14cbd9d3fae1605d61480ec8d697a6c47,False
0xd2b7be6b16028af44df31c6a07246e4e05ca0475,False
0xd2e7f0c6486878dfbcd4182ec0c04cdc21d1408e,False
0xd2e8495001ad77209d34a1bc3b3a45f9f2b6d240,False
0xd2f7a69459c4b712bc25d5e5b97e2ec2338d93e7,False
0xd31f7680a4aaa70c9322189bd33168384d5e7338,False
0xd3224a373467ce910caadc5c597bf8ff8758ddbf,False
0xd3474bd2f558b12e83810ec7d8af14f2d1d08137,False
0xd35a7cb79e1b25f13df76559d59f6de00e627ecd,False
0xd36e2596d37ff3d599b49e3d53d1ec5d738c7560,False
0xd3789225c43b79246881cca2003791c4472d3594,False
0xd3802dce7f7a54d59e7a64329d287624ff3f495a,False
0xd3ad9da43e3660bb1a19641757b955f96c999796,True
0xd3efab8d2b7d1befffb45b8016794a5761b1d825,False
0xd41b2fda94c011691a06ad4db8160bab0aecfb8f,False
0xd435dcd0a686e361ba561755a2db2f1e19066502,False
0xd44863de45380ec7e2e9ab28d53ad52d442cd111,False
0xd45ece50811082f6185a73b6a1d7c6eef0e75e0f,True
0xd48aa63a4633803011de9087189dcb52b1bfe3c4,False
0xd497067716fe11367f5fbd4d32aa1f30c584cd5a,False
0xd4ab31d3f49948fe157b6a4c9be5cd8c9ab3acc2,False
0xd4b23b54314f2e038d089d6fa6e7614415927dbc,False
0xd4ded639a6a674ace3aac12fe9a6ef579eb0c9e5,False
0xd4e26683635bf3dc9ead5f31b935c33cc1ce1838,True
0xd4fa3d005d58da56999618ce3bba46b190ea7e4d,False
0xd504b3a941e9d990e62f2225961fc3c88bb4657a,True
0xd553294b42bdfeb49d8f5a64e8b2d3a65fc673a9,False
0xd55ebd0cf9c4654137f0beaf9c2f3ec012fead20,True
0xd56c4b4f242c36b3bb88e4589294625058f38df3,False
0xd56d1165b8e1a6ed4050a42875c8fdd1c806bef6,True
0xd56ec5610bf9884acf50e27ed0fa2c78be747ba4,False
0xd578172dae2ea99186320edf13f2e6922a8b8f85,False
0xd5820c1cbddc4f89bbf430990d7990c2c472eb33,True
0xd5bfcbe3d18ad3da6e17b0fdd93a7ca383859387,False
0xd5d5a7cb1807364cde0bad51d0a7d758943ab114,True
0xd5eddc655482e70706f669a1a184ffc41bde8ce1,False
0xd62ca14e0d1a4b7d00b47c71605b24eb29dd4921,False
0xd64cdf9b7101bf61292110579974589176d26846,False
0xd65ac35cd234c8718b876ab304fa56c8995e387f,False
0xd67da12dc33d9730d9341bbfa4f0b67d0688b28b,False
0xd6e3e771a271c7d773583f9770fc112af15a916f,True
0xd7078d619c99799e68e0b44119d6da1c0367e43a,True
0xd70fd4d070c042eee6588118943367a1be8fc265,False
0xd72cdc874a8e5a0f571e9d001ffd6c289665bddc,False
0xd7605c9246a572b9637d9a41e5bc212810850b63,True
0xd766c35684da0a61434842edb2a43b7f0c7161e2,False
0xd76f1c2764a5f22548713cde767b5b752170d6d7,True
0xd7892339a019240e6fb4d15554cfd015e81023a6,False
0xd799f16d365bd525e0cb0ed625c499b220b70ca8,True
0xd79af3639f166a96b122eb76193261caabc854b7,False
0xd79f4811f2b603649c82aeda0143719d86ab6574,False
0xd7e630afcf128feb8b9071a8412914478c00c22a,True
0xd7f6bad6fc716b889f84a94fee046188f08988ce,False
0xd80ce6816f263c3ca551558b2034b61bc9852b97,False
0xd81008065ec031e540b251e9afa5a3f246e1c6fb,False
0xd820c6c96260a7737f9d3602fad4f1df2d311761,False
0xd874387ebb001a6b0bea98072f8de05f8965e51e,True
0xd8c07491caa1edf960db3ceff387426d53942ea0,False
0xd8e847f8569c326698113e88a2cb40524269b254,True
0xd8ed830e33859af668bf4bf1550dfe4cc9984157,False
0xd902b97d07e2f2f026220be2ea2c6c2de3ba61e0,False
0xd90392afae1a7e01a1d44c124b38530832ff9944,False
0xd9293636ee3aa663fc563adb0912b0705dafb62c,True
0xd93dcf4f65b4c581997158b1d5de07b099c8dff7,False
0xd940072500f52a6a6f372de8eb84617af4a26681,False
0xd96bbd75508de21ff3e09a9e96d156bff4eac9b2,False
0xd98425ada2c00caed373a191c6deb492000d3934,True
0xd9a14b6f258b52e4e108d516487e08f7928552d3,False
0xd9e7113a8f14f6add8ac3708e8a839698c5e38a8,True
0xd9ed88862f0ebec8750e0c34d5985a1b87e85ed9,True
0xda10a56352182b141662631cbb640e6c2140f851,False
0xda1129be5271d7fc5925ad60e3227f4b37b92da3,True
0xda1c6e8286a5934b4f03894373b39af9b8633a6b,False
0xda276f2de1cb0aec4deda6955c28e5f0a60368c0,False
0xda337dfd12943ad37ea410331fef37053dc4e1a8,False
0xda34f174b0b4ae7091e880f04a32b5a204339396,False
0xda73a489a87d223d5252529fb1d37faaceb47cd0,True
0xda9877387463afc6477c888e84b7c27dbc9a5143,True
0xdaacf6da410268c97acea23b20b52837fc55d136,False
0xdab6be0e0fb21eddb132f80cd537868dd5da98d4,False
0xdab723b0e4668d2f7b5feb270c4f82af5483ab1d,True
0xdac073bf7ab0ff2d1df7383be6ae36b9185af59a,False
0xdb33efb01ed7f36a803b1e7eaeae737d22f9ebca,True
0xdb3ad616fa7967f3a267459c98931ddc56927677,False
0xdb4c0ac221b2b1f3876f620640e6328039bde9d4,False
0xdb611d682cb1ad72fcbacd944a8a6e2606a6d158,True
0xdbafa316c236c090e7633cf7cf5ebdd2947b50a1,True
0xdbf988b2a02523d16d4b00eaab9fb3f13b8a833c,False
0xdc08c0d582894214ec704108b6750b58b241a5d1,True
0xdc1f36e8d65dcdb8d252af37a5473edfb120d8d4,False
0xdc3b2dce95ebd1e7c18eaa37780d10d240146660,True
0xdc4e2ad3c9d25caa5a6b60af9f304658c9815c10,False
0xdc5bb4f6126a5ed7d99af7e56387db717c1042bd,True
0xdc705aa02c0c10efac5984e55765423a7d27554e,False
0xdca313c4df33c2142b2adf202d6abf4fa56e1d41,True
0xdcb87abf8ada15ebb94b29526a152b29c27fba3b,True
0xdd0e10857d952c73b2fa39ce86308299df8774b8,False
0xdd12eca7e68fba801d314ced902d220263ebb603,True
0xdd38e27cb9836b5b70d1767f1ea6f0ec178d54b6,True
0xdd84ce1adcb3a4908db61a1dfa3353c3974c5a2b,True
0xdd8c379f0db04f9e054c80f9d97ba03288a95b46,True
0xddef227e4df29a8c19952081e4017bc845c3537e,False
0xdeb9553eed4a1e9896000071e50a19ec83301574,True
0xdec2b9ba91c2daf554482d42143906f382b0283b,False
0xdec3659b1f09e73a9a2a56bba0c742eb7dc570b7,False
0xdec7e49efbebd0bac063bd491f3081f0e36bd976,False
0xdf18b5679178245952d96117359f2e15bda4a5b4,False
0xdf20651edbb0784437a4610015e0dcacf0f6226a,False
0xdf3910d26836318379903a47bd26d0e05cc9a0f5,True
0xdf4be75f9c675ef83357b18d2dd8d0d69cb1e91c,False
0xdf4dd7f972926d7d82b8a3bb3feb5254c368045c,True
0xdf9dc46f81913401d15ec0373fe279ec3386d1c5,True
0xdfc8056a3375dffda7d7400bb39327960486fcd5,True
0xdfe0358a58e688afbb5ff9eada80bffbd8643431,False
0xdff19972e3cb42f6842dd28a20e02244b96d07d5,False
0xdffa4530ad854f5f072462bc44c0422a7920f095,False
0xe037cdde28ec42da5be8a5e90617e287a6ebb149,False
0xe085327c5ad2f77147f10973fed45fb19d734f7e,True
0xe08d362fe8b06238bf609988c9006c187fd13081,False
0xe0a2773b3d1e89819689d6df0de0b42237eac083,False
0xe0a4b3def68eec46d01869c75c59a96ac2d9acd6,False
0xe0b2026e3db1606ef0beb764ccdf7b3cee30db4a,True
0xe0bce02c802233389c3c5309d279241c0638d90b,False
0xe0ed7f74ac548d02c0a96474016b1d5b6bc8e502,False
0xe0f218ae151eab5a2fd79461c858e13ecbe2e53e,False
0xe11226c30e821db2835868fc13bde226db09f35a,False
0xe15494e529d8ce5a9b37ad51bd082a884cf3fa74,True
0xe1690f5153ad0bbc683964aa81645c49b3cf6567,False
0xe17721de7ee9510067a097199a7b848aa70d27da,False
0xe18c8a3aa429f126149f62e7e7cff849bb64a83a,False
0xe1c575fc250c5e1a8818dedc7e77b426fa990f8b,True
0xe1cf5730cf879861d78551ebb3b00541f870df58,False
0xe1d3f63fca173565534238a4ac74e2cf1056e17f,False
0xe1ea97b43c2d64c5ca71068a2428126b04ea69f5,False
0xe1efa96b43b43588738c21da867151993b03645c,False
0xe1faa519ff29cc57f2ba36145d968fcf5ae09378,False
0xe212bdf41eb5c9ec7afb2156a484910fe90ed3ad,False
0xe258cfda93e8bd42b95fd91f09f73f44c18b9a44,True
0xe25d56df6edbcc226b611cb95fddeff9cd6d88b6,True
0xe2aa15c6dcbd86dac786368473014414fef37072,False
0xe3151edd2d2ce03328be34042bd32f8254820d20,False
0xe411bb7cc848136ceed4cd3a7f712a80df6e6edd,False
0xe434cf044348658ad7b4c7484c12bccf1848f741,True
0xe436a4bc4bd2fe5abb88a82ccf57014246c7f995,False
0xe44e071bfe771158a7660dc13dab67de94f8273c,True
0xe47099889667d62b7ad44948243fb66a47c12663,False
0xe4961a3c67412201001761191f0b565e931f63cf,False
0xe4997f170b9ddfebab707025d8321e79d6a958a3,True
0xe4e9d5a2d831578e1cd630982efb7bd38cc9a0ba,False
0xe4f154288fe636924429f0ff67f35a0f93aab10b,False
0xe50cc6b2c9524070179586b2c976a66bd8c49186,False
0xe514c76aaec94e9b2b936859aafe789764489434,False
0xe520679df7e32600d9b2caf50bd5a4337ea3cf89,False
0xe52557bf7315fd5b38ac0ff61304cb33bb973603,False
0xe5350e927b904fdb4d2af55c566e269bb3df1941,True
0xe53d3f2b99fe0ed6c05977bc0547127836f0d78d,False
0xe53d4271cd54a15eaccaaa462ec2d35e3ab4ab30,False
0xe551388b683bb1e34e27e5a7b00eabe79b080bf7,False
0xe55b9fab1b37df0bb5f0240714d6b5d032ca11ba,False
0xe59b6e24e66f5a38733bc1e8e66c56234320d19b,False
0xe5bec8fc570d864a928c7aa2552c28403053953d,False
0xe5c8d079b8a8454db4f2f6e8a383f6bbc1032da6,False
0xe5cf8c2ebd89953711d07a9f2d20dd540142c664,False
0xe62476c1c71fc06e1d466fed950c17876193f4cc,True
0xe62bbdbdc9160f733e713d83ca9ae5bf05d4453b,True
0xe64995f539ad9ddfaeac0c759244b26e0eb94313,True
0xe68a8565b4f837bda10e2e917bfaaa562e1cd143,True
0xe69619a71cdd7696b34c52a5c1709c8a811faab8,False
0xe6a0d1bbdd7ed02ff15adb30314edbca6b1f8be0,True
0xe6a6ee4196d361ec4f6d587c7ebe20c50667fb39,False
0xe6a9d0539fabe0fda237c3c4bafeae2042b06e67,True
0xe6b658a7e2c93dd9cd59c90345858e49a414fef0,True
0xe6d270680431b674cadd4e6c13bd56fdbfd6fbad,True
0xe6edc829cdd57a94ddd759a178840bf5ead1d60d,True
0xe73deef8189dd8f8f9d82229ab31f0aae8f4c875,True
0xe77884cddf148dd5f0e9191b33d8dbaddb16dfb5,False
0xe77df8917d62c6ac822b79ac00a48e73f842e53c,False
0xe7b38bc27e1706a0a470181d67a2c53c8d599bcc,False
0xe7b6c574a7e0b5c17fef51c1787a9ca2bbd357c7,False
0xe7be3b63fcdadb873d69b3ce17967ce211c230b8,True
0xe800152a10a3fee233de8754cb70051911a7d156,True
0xe8185c38c815cb4b1f3b98bff3e9d82c3795722e,True
0xe86c5a184a83506793add87ad62d45a5fadad46e,True
0xe8812ec6038bf0966fd79b1bb68b14e57e46fafb,True
0xe8cbe210c1fccf8d62c85932cc3d3308264f140d,False
0xe8f0c91b2b704fabb38ed337482d120ba826ad23,True
0xe908ce29a8a8ee72a2ca6902ec6489f1697a06cf,False
0xe957b0829c6ae6ac461d7365b7927e1ff604114b,False
0xe95ab07a55e8489fe8e81e3281c8b3fd95c7d8af,False
0xe9657a2509cfb08390a63502b76ee335bab48211,False
0xe97bd3a200d950072de74a5d878ce52bbc13a6f9,False
0xe9c88e882c2f7c6e0a73948af824bd9e82a9a7e6,False
0xe9da091630bd2cffcc6903a088ff496d24855724,False
0xe9e5861d73a523000fe755034a8a612496079c50,False
0xea25220caf98e0097fb8401d8a44e2d4f2cef093,True
0xea7f097368b777ea552706fe261d8d5ee14af28c,True
0xea95d0066c408ef5de02838d40a1ecce949091ad,False
0xea994add097015891a53bb059c563b633a287e62,False
0xeaa6cb80a5593e14c5a5fd38ae3d16dcb5ef75f5,True
0xeac81f629b5b84d13d2e9d4944df3eb53029b117,True
0xeacb799e666a538965a39f1c87348afc170829e2,False
0xeb3056aa1c395e78cacf19b9747583949c14b574,False
0xeb647ab14d7380145351924d4a2f576fe9a577ea,False
0xeb66b191f658db14bae39c139ab0f5f7b8c479f9,True
0xebcd54d901596ce65fa504d96a397e8463d6262d,True
0xebcffff444594fbbe27f2968843655329851544c,True
0xebd0f3c80a597b89dda74e935f219edeb0d888f8,False
0xebde7794d815d45e33771247c2a40e6c282a034b,False
0xebf6c10b74747f73abe5c22c6599b0e05fcd1c31,True
0xec0e5e386f0c4be9220e0347330603b4f163f83f,False
0xec1258028b97b8b96a6de83e5f67e2f2bb37a257,False
0xec204864cf7d0d0f644ce28acfbafd10b5648610,False
0xec5aa19566aa442c8c50f3c6734b6bb23ff21cd7,True
0xec7b7a7d8e5427e38c1cf57488c1d652924ff65a,False
0xecb456ea5365865ebab8a2661b0c503410e9b347,False
0xecce08c2636820a81fc0c805dbdc7d846636bbc4,False
0xecded8b1c603cf21299835f1dfbe37f10f2a29af,False
0xecf283c71f377bf383d234d749977561b8875e3e,False
0xed2170462e997b9590f77bf2cd3cd283b877eade,True
0xed6b2ebe2432630aa0defde52e87cf9e6dace64c,True
0xed85f339bb83638b4f5081a60b27822a035f23c5,False
0xed9155bdd4e2a814df0d5bea3e806ddb0978607b,False
0xed9ca75f828747fe3da57f05b89665df6b1b54fe,False
0xedc7fe670ef6e37dcd669b9d4f672e91aaf30074,False
0xedf596c446d04dbddc237000742345873c470cd9,False
0xee439ee079ac05d9d33a6926a16e0c820fb2713a,True
0xee8389d235e092b2945fe363e97cdbed121a0439,False
0xee8e0fcc8bff03ec5f100d02cb7b3196d78863a7,True
0xeea3311250fe4c3268f8e684f7c87a82ff183ec1,False
0xeeac7fac11c7c2b64c2d2a33898d5d8ac6ab6c18,False
0xeeb1c1665197b018d367dfc0e4a286ae61830936,False
0xeebeff9e7c89803d1ceb3df9703a26b3acf86d45,False
0xeebf022ef89b5441bb012a0b6cc5b128365e6c78,False
0xeebf0b67cddb82b9ec7f673db3c9aee07846d402,False
0xeed31a78b20a48461315ba1fcccfd5bd347a24a5,False
0xef28b83c32925a6554bfe4034b35c45bcf96e44f,False
0xef47799925bdf043226a50148271e97d81364950,False
0xef764bac8a438e7e498c2e5fccf0f174c3e3f8db,True
0xefaef3a9b2bc9b1464c1f85715b6915de4ec659d,True
0xefb0280967ac1eb230172b4000afaf46034c9fb2,False
0xefdac41fc92db89b428f81d700409c3335f21e35,False
0xf032f533a8814741345215a0710b0364953387a5,True
0xf03317e4cc2f35d4dbca21fb241e3b8922213314,False
0xf0335914f1ce8907b08ddd35172b4f4d788381ab,False
0xf03df965490882583018c64fd41fa82d7dee032f,False
0xf05f045f9fb915449d99ae0604d5339f7735d5e0,False
0xf063471f5d6350b4d227ddb01fa390e1e714c5ca,False
0xf126b5f3cf6f1a2378c371604c93b742153d53c5,True
0xf1463aa975488e822521e62cffeeda31bc82cd73,True
0xf152581b8cb486b24d73ad51e23a3fd3e0222538,False
0xf1a06dec54796bbba94307b013008b00cf2b2c55,False
0xf1b14eea11f2ffc209c43b8d77983e53c0572908,True
0xf1e633125b19211a6c63793f5d6074af0bba3925,True
0xf1f1a03d7ecce650d30951b5166c39e75d4d0d2e,True
0xf217de9e1442b1f61cee9dac2a07bea96d83e06c,True
0xf23021ce0dc81e4e402d04c84564a74fa3a21343,True
0xf270a18b62cdebf80746bfd0f1253021e879adba,True
0xf2748ff74e89d8eda0da40b2d19b82f472954f4c,False
0xf28703b2a4a290d69bc4e5babcbe558e8d03a005,False
0xf2ab0e7e132e686666b7e7125797fed594ca89ab,True
0xf2b082c61cd8de637d9beb56063dea19cead9378,False
0xf2c16ae7887450ce0018cdbad26cfdbab183ffee,True
0xf3366be4e7f34442698d58e1496b40f0f953dd87,False
0xf336c40c59b06a594d981aeccf8ed29a81f0b94f,False
0xf3537ac805e1ce18aa9f61a4b1dcd04f10a007e9,True
0xf3ba4250c3a2fc5b4dd5a1b394f76037f1fdc28f,False
0xf40b134cfbe3e316a4be8f3492552097b35d9d5b,False
0xf417d3b939d03b2ecbac76184cd966e6be59f5ac,False
0xf41dd4c7365a38bfbf4ec7bc8cdbcb26995bd699,False
0xf43316162d4594d2f927a25ab75cfcac676d3e85,True
0xf47f32a914353b42706e0e768f590fe86b335c49,False
0xf4c3fc277fc2855684f24763158fc550945f8ee6,False
0xf501713a9d3141265b18d09ebcee220dc7f6a602,False
0xf52a01ba9a57a54f50bcd5ffc1924d897e47bc15,True
0xf533a5fdd0af8966ccd4dbe840209a63b9351492,True
0xf53a69e7b19d3a92ceae7efb9c621d01d5ab365a,False
0xf53ea60d7b0e74b2445c4546853ccdcda051aaf4,True
0xf55463aa34309e0427bd04c635faabda2407be27,True
0xf555ea7a85c2cf13db640148e2d4c8a8027e8ef4,True
0xf55c02b021f91752521c0cb74303565f25baccb1,False
0xf55d3846f3d0f1e1ceb58a8d40df3cbc8729673d,True
0xf5bce5077908a1b7370b9ae04adc565ebd643966,False
0xf5bf3b7b7d03efd34ba1e1bcf1694080975d8a1c,True
0xf5c27c6fe782cbb5c85989ea3e75754748153459,True
0xf5cd542a348f153535e9f9a1c936fef201d2c120,False
0xf5d7fea242b86dedd2f7f245ff5682c328c3c0b5,False
0xf5d9b0db68a97fa3a71bad22612d6cd26ff02860,False
0xf5ff13c1094d0a0157627b4241764172b995c2f0,False
0xf6092c8af9f00a7d611f0a437997a98e28215c3b,False
0xf65312bd492729b06ec42589ded755d63193bbf4,False
0xf69ea6646cf682262e84cd7c67133eac59cef07b,True
0xf6e2da7d82ee49f76ce652bc0beb546cbe0ea521,True
0xf6f26015f0760f7a4b7f93e765bc48883daf79a5,True
0xf704d32ba4851907540ad060ffacab3ba6cb2793,True
0xf71a1d49f9d73097c2d96ba5515e672984c6f7a3,True
0xf71c8bd743a4a7b5a806cc5c1312f2ada9a1595b,False
0xf7463e7335033586683ac1f3df3080a0b38babe9,False
0xf7700944b35c3f85a23e9d77bee065dc4f10d6f7,True
0xf7987d5db2b03ddbb2ee18e4ec09012eca638297,False
0xf79e3fd94c94a92175cd9987919c6de7b281a036,False
0xf7a5cb02161f2d40a741ee8f68d14a3e4b6eafd0,False
0xf7ae063de5ef4bcbb98b2bd27afb66c59d885fc0,True
0xf7b95f82b54b440885037399a747b4c668038bb5,False
0xf7dd91bbaa4f0ce1e45911e069dee1019830a586,False
0xf80085d646fafbd93b28936c04e36d6a04fe77d5,False
0xf808532a855dc1e2b57486b40e15d2d341f5cb25,False
0xf8459c1069b4010bd6b9edc2f63e9e93d7f5afc1,True
0xf8a4189cf428be98dc582cb09f6ba3bf80f06b65,False
0xf8bc57376538bbc978ff800d7fcf0edbacbbd05a,False
0xf8c9cf133252a1a0b2c4b527381eaa94eaef62a6,True
0xf8d69bd20ffcc5aca5b1f4ad886069abf81df38b,False
0xf8e95aa8434b7f16113f3d5119a4464ddd2e8d81,False
0xf9061aadb7688fb80633482aebbe18079a4e4198,True
0xf912279e4aece12f2c8af74cc6c6f9584e565b2b,False
0xf920ba91a002e0c6ef80826fdaefc94e41a23ca4,False
0xf96081f23caebba2e338473561d47fd91a997bb0,False
0xf97b96d0749001d65c09e21a86a2ac156be704d0,False
0xf98304d7fb1ee427a8a45b2040677ce57ee454da,False
0xf99c47462f5bb3aeaed8b6abdd769d5372788b64,False
0xf99f1bea3d3dae6a2ec3f2733ea8ad8025fd239b,True
0xf9ab2ef128d856339ad2c258cdaa14a22c662a14,True
0xf9cc756f3692685189930d9d698df401432be2d6,False
0xf9e922c660c5e9715ee0ab0133362b1aa315a4d0,False
0xfa16b4019d0368366b97f2e9822046c6d4dcab47,True
0xfa3e7d5c0b7e004371af2507ae61ffa1cab0e0ea,True
0xfa46ec60df80d8ac05051f40efc0823751fd66aa,False
0xfa82fbc558be415528bcd4f26a9b660c80d234cf,False
0xface851a4921ce59e912d19329929ce6da6eb0c7,False
0xfaeaf16581f4c08aa9edafc76ea830a52e70a814,False
0xfafdf0c4c1cb09d430bf88c75d88bb46dae09967,False
0xfb0d3e8c1d75b5aab28ac88eaeda0dfc4f571a73,False
0xfb27a3f731181c977a088bf9075db5893dc2561d,True
0xfb70873a658edc89e814dbac0440e5a8c824544a,False
0xfb787480c4f52d1ef4507df68fcdfed88f5a2fd3,False
0xfbc98ec73b7ef8e699792cd529054874fd31fe8c,True
0xfbdd38edc483bf77d7740ff82846caefb7ce94aa,False
0xfbe4bd83d7b18ced445f4a7aeb99ec7631979446,False
0xfbea6f2b10e8ee770f37fff9b8c9e10d9b65741d,True
0xfbed5277e524113df313f9f6b29fde8677f4e936,False
0xfc3551f3b51f27ca60efb25f45ed95d4e80e7071,False
0xfc93c3010ea5668c1b6900a9fe87168b63dec145,False
0xfc997a115ee21094de1a594a553cb604cb4a8b08,False
0xfcfa4369eaa965ac4e36f1dd9fd2852c6542b0f7,True
0xfd660518dc1b52d9f67facd42bbba962b06b8e54,True
0xfd76f6c55b83ffca691ee3ae57edbd978bffbade,False
0xfd7b50da848f3e3263cfe7f5a2de23530c2cd9fb,True
0xfd81d6b28399ec2a133a8d78825fb05fc2987502,True
0xfda4d271c110ed8dcd770cdfc8701dfb169810ad,False
0xfdb54efa4020c5f4524fe25e2949800f4342c26c,False
0xfdc39b22bea6a523dc30a8a7a6a5cbe41d23c3a1,False
0xfdcd5daf992a68f297647074221cf51a3c23e4ed,True
0xfdd3636caeb29b76fcb9472a93b73d36c7c3f5bf,True
0xfdecbd66cc236ad76e6e2dc66e74b5d8edcd8639,False
0xfdf82594b24a1fe0e001319207fef04ee52925ba,False
0xfe03d5857c0b1c36eec6858c6c70a3b004da45e0,False
0xfe0bda70f1dbb71b44c223c50c876ea895b882c1,False
0xfe1bcd4fae7d1f04a744aa51d2cf4efd5277762f,False
0xfe55c0ec3642fc79d4eb2c591a0641f187fb0337,True
0xfecd95438a950acaad9efd48ec93628855dbd5e5,False
0xfeeabe80136a6c109a5347fb25d1634026672eea,False
0xfeedc450742ac0d9bb38341d9939449e3270f76f,True
0xff6289144cbb5b72cd10f517830a7126b0b5e8c6,False
0xff770424739a77b8990632c75ed859b74c0ef749,True
0xff789ab6730c22da1e095645836cb70eaf5cfc51,False
0xff80f7fe2345d19c47b065b8973a6346b57abce3,False
0xffd3fe1f29fed6da6824ddeb489e24f2a1f44594,False
0xfff103e170e37875ac9cd71ff84811afed475cdd,False
0xfffffd059e97c2bfc822569e13f636c3d176db41,True
